sample_id	tool	wall_time_ms	peak_mem_kb	n_genes	n_variants
HG00096	GenomeGuard	60.111	489.3	20	22
HG00097	GenomeGuard	48.789	477.0	20	22
HG00099	GenomeGuard	48.609	477.8	20	22
HG00100	GenomeGuard	46.349	476.3	20	22
HG00101	GenomeGuard	47.485	477.7	20	22
HG00102	GenomeGuard	44.725	478.2	20	22
HG00103	GenomeGuard	53.416	477.0	20	22
HG00105	GenomeGuard	45.793	476.0	20	22
HG00106	GenomeGuard	42.809	477.2	20	22
HG00107	GenomeGuard	45.119	477.5	20	22
HG00108	GenomeGuard	45.323	475.6	20	22
HG00109	GenomeGuard	49.383	477.6	20	22
HG00110	GenomeGuard	45.427	475.8	20	22
HG00111	GenomeGuard	42.555	476.9	20	22
HG00112	GenomeGuard	39.225	475.8	20	22
HG00113	GenomeGuard	39.569	476.2	20	22
HG00114	GenomeGuard	52.371	478.2	20	22
HG00115	GenomeGuard	59.045	477.1	20	22
HG00116	GenomeGuard	54.351	475.8	20	22
HG00117	GenomeGuard	48.053	476.1	20	22
HG00118	GenomeGuard	60.079	476.4	20	22
HG00119	GenomeGuard	70.072	475.3	20	22
HG00120	GenomeGuard	61.563	477.3	20	22
HG00121	GenomeGuard	66.23	476.5	20	22
HG00122	GenomeGuard	48.621	475.5	20	22
HG00123	GenomeGuard	47.507	476.9	20	22
HG00125	GenomeGuard	43.029	476.5	20	22
HG00126	GenomeGuard	52.63	479.3	20	22
HG00127	GenomeGuard	47.704	476.7	20	22
HG00128	GenomeGuard	49.683	476.3	20	22
HG00129	GenomeGuard	50.825	475.6	20	22
HG00130	GenomeGuard	42.229	478.1	20	22
HG00131	GenomeGuard	43.971	476.7	20	22
HG00132	GenomeGuard	48.905	476.3	20	22
HG00133	GenomeGuard	56.208	476.8	20	22
HG00136	GenomeGuard	49.374	475.4	20	22
HG00137	GenomeGuard	49.996	476.4	20	22
HG00138	GenomeGuard	53.428	479.2	20	22
HG00139	GenomeGuard	56.485	476.7	20	22
HG00140	GenomeGuard	45.234	476.1	20	22
HG00141	GenomeGuard	49.263	475.7	20	22
HG00142	GenomeGuard	51.328	476.9	20	22
HG00143	GenomeGuard	45.802	477.1	20	22
HG00145	GenomeGuard	52.77	475.8	20	22
HG00146	GenomeGuard	50.496	477.5	20	22
HG00148	GenomeGuard	49.912	476.7	20	22
HG00149	GenomeGuard	52.391	477.6	20	22
HG00150	GenomeGuard	50.89	475.3	20	22
HG00151	GenomeGuard	61.994	477.9	20	22
HG00154	GenomeGuard	58.986	476.6	20	22
HG00155	GenomeGuard	43.205	477.4	20	22
HG00157	GenomeGuard	44.196	478.4	20	22
HG00158	GenomeGuard	47.416	477.3	20	22
HG00159	GenomeGuard	60.362	476.8	20	22
HG00160	GenomeGuard	70.541	475.3	20	22
HG00171	GenomeGuard	64.253	478.0	20	22
HG00173	GenomeGuard	67.806	476.7	20	22
HG00174	GenomeGuard	55.921	476.7	20	22
HG00176	GenomeGuard	54.538	475.6	20	22
HG00177	GenomeGuard	56.312	477.7	20	22
HG00178	GenomeGuard	54.164	476.9	20	22
HG00179	GenomeGuard	72.42	477.8	20	22
HG00180	GenomeGuard	72.879	476.7	20	22
HG00181	GenomeGuard	103.998	476.4	20	22
HG00182	GenomeGuard	74.877	478.4	20	22
HG00183	GenomeGuard	69.959	477.2	20	22
HG00185	GenomeGuard	53.469	477.4	20	22
HG00186	GenomeGuard	68.811	476.2	20	22
HG00187	GenomeGuard	78.37	476.7	20	22
HG00188	GenomeGuard	83.827	478.7	20	22
HG00189	GenomeGuard	53.165	477.2	20	22
HG00190	GenomeGuard	59.701	478.6	20	22
HG00231	GenomeGuard	53.863	477.2	20	22
HG00232	GenomeGuard	52.663	476.5	20	22
HG00233	GenomeGuard	56.387	476.8	20	22
HG00234	GenomeGuard	52.908	475.9	20	22
HG00235	GenomeGuard	49.757	476.4	20	22
HG00236	GenomeGuard	53.188	477.3	20	22
HG00237	GenomeGuard	61.784	476.8	20	22
HG00238	GenomeGuard	54.489	477.9	20	22
HG00239	GenomeGuard	68.573	477.8	20	22
HG00240	GenomeGuard	53.328	476.4	20	22
HG00242	GenomeGuard	60.257	476.7	20	22
HG00243	GenomeGuard	50.616	477.7	20	22
HG00244	GenomeGuard	48.832	476.5	20	22
HG00245	GenomeGuard	55.53	477.4	20	22
HG00246	GenomeGuard	64.531	476.9	20	22
HG00250	GenomeGuard	67.883	477.1	20	22
HG00251	GenomeGuard	56.19	478.8	20	22
HG00252	GenomeGuard	66.129	479.1	20	22
HG00253	GenomeGuard	69.753	475.5	20	22
HG00254	GenomeGuard	64.529	478.4	20	22
HG00255	GenomeGuard	52.177	476.9	20	22
HG00256	GenomeGuard	51.9	476.7	20	22
HG00257	GenomeGuard	51.998	476.7	20	22
HG00258	GenomeGuard	55.63	476.6	20	22
HG00259	GenomeGuard	52.185	478.4	20	22
HG00260	GenomeGuard	50.245	478.2	20	22
HG00261	GenomeGuard	46.319	477.0	20	22
HG00262	GenomeGuard	49.682	478.5	20	22
HG00263	GenomeGuard	52.011	477.5	20	22
HG00264	GenomeGuard	44.892	476.9	20	22
HG00265	GenomeGuard	47.747	477.3	20	22
HG00266	GenomeGuard	42.6	475.4	20	22
HG00267	GenomeGuard	47.519	476.5	20	22
HG00268	GenomeGuard	50.368	477.3	20	22
HG00269	GenomeGuard	54.472	478.1	20	22
HG00271	GenomeGuard	52.379	479.2	20	22
HG00272	GenomeGuard	54.862	476.7	20	22
HG00273	GenomeGuard	59.238	477.7	20	22
HG00274	GenomeGuard	54.284	476.1	20	22
HG00275	GenomeGuard	53.336	478.0	20	22
HG00276	GenomeGuard	51.724	477.8	20	22
HG00277	GenomeGuard	54.559	476.1	20	22
HG00278	GenomeGuard	57.244	476.8	20	22
HG00280	GenomeGuard	56.754	478.3	20	22
HG00281	GenomeGuard	57.459	475.6	20	22
HG00282	GenomeGuard	57.845	478.3	20	22
HG00284	GenomeGuard	48.538	478.4	20	22
HG00285	GenomeGuard	63.936	477.4	20	22
HG00288	GenomeGuard	64.465	477.2	20	22
HG00290	GenomeGuard	66.201	477.1	20	22
HG00304	GenomeGuard	54.623	476.6	20	22
HG00306	GenomeGuard	47.954	476.8	20	22
HG00308	GenomeGuard	51.38	477.9	20	22
HG00309	GenomeGuard	49.031	476.7	20	22
HG00310	GenomeGuard	56.703	477.8	20	22
HG00311	GenomeGuard	49.798	476.3	20	22
HG00313	GenomeGuard	50.185	478.1	20	22
HG00315	GenomeGuard	53.632	477.5	20	22
HG00318	GenomeGuard	50.392	476.6	20	22
HG00319	GenomeGuard	56.501	477.3	20	22
HG00320	GenomeGuard	67.301	477.2	20	22
HG00321	GenomeGuard	55.186	476.1	20	22
HG00323	GenomeGuard	55.086	476.6	20	22
HG00324	GenomeGuard	55.924	477.7	20	22
HG00325	GenomeGuard	62.478	476.9	20	22
HG00326	GenomeGuard	57.59	476.9	20	22
HG00327	GenomeGuard	56.393	477.6	20	22
HG00328	GenomeGuard	57.018	477.4	20	22
HG00329	GenomeGuard	59.739	476.2	20	22
HG00330	GenomeGuard	53.461	476.6	20	22
HG00331	GenomeGuard	67.956	476.5	20	22
HG00332	GenomeGuard	60.983	476.1	20	22
HG00334	GenomeGuard	55.018	476.6	20	22
HG00335	GenomeGuard	52.004	477.5	20	22
HG00336	GenomeGuard	53.294	476.3	20	22
HG00337	GenomeGuard	56.533	476.3	20	22
HG00338	GenomeGuard	53.566	477.9	20	22
HG00339	GenomeGuard	56.554	476.9	20	22
HG00341	GenomeGuard	67.787	477.0	20	22
HG00342	GenomeGuard	56.349	476.1	20	22
HG00343	GenomeGuard	53.385	476.2	20	22
HG00344	GenomeGuard	86.161	477.7	20	22
HG00345	GenomeGuard	67.453	476.1	20	22
HG00346	GenomeGuard	54.997	477.7	20	22
HG00349	GenomeGuard	62.896	476.3	20	22
HG00350	GenomeGuard	55.746	476.2	20	22
HG00351	GenomeGuard	69.172	477.7	20	22
HG00353	GenomeGuard	77.71	478.0	20	22
HG00355	GenomeGuard	63.577	477.0	20	22
HG00356	GenomeGuard	52.196	477.5	20	22
HG00357	GenomeGuard	50.206	478.3	20	22
HG00358	GenomeGuard	49.2	477.3	20	22
HG00360	GenomeGuard	47.989	477.1	20	22
HG00361	GenomeGuard	47.044	476.4	20	22
HG00362	GenomeGuard	47.165	476.3	20	22
HG00364	GenomeGuard	50.913	476.0	20	22
HG00365	GenomeGuard	65.56	475.8	20	22
HG00366	GenomeGuard	59.58	476.8	20	22
HG00367	GenomeGuard	48.584	476.3	20	22
HG00368	GenomeGuard	73.187	477.0	20	22
HG00369	GenomeGuard	75.026	476.9	20	22
HG00371	GenomeGuard	75.304	476.0	20	22
HG00372	GenomeGuard	54.392	476.7	20	22
HG00373	GenomeGuard	67.366	477.7	20	22
HG00375	GenomeGuard	70.09	477.3	20	22
HG00376	GenomeGuard	81.49	478.4	20	22
HG00378	GenomeGuard	53.931	477.0	20	22
HG00379	GenomeGuard	83.458	476.1	20	22
HG00380	GenomeGuard	86.373	477.0	20	22
HG00381	GenomeGuard	70.81	475.7	20	22
HG00382	GenomeGuard	61.509	478.3	20	22
HG00383	GenomeGuard	53.907	477.0	20	22
HG00384	GenomeGuard	67.991	477.1	20	22
HG00403	GenomeGuard	54.653	478.3	20	22
HG00404	GenomeGuard	70.563	478.1	20	22
HG00405	GenomeGuard	67.585	478.4	20	22
HG00406	GenomeGuard	59.27	477.9	20	22
HG00407	GenomeGuard	47.834	476.0	20	22
HG00408	GenomeGuard	69.199	478.6	20	22
HG00409	GenomeGuard	73.303	477.2	20	22
HG00410	GenomeGuard	74.252	477.8	20	22
HG00418	GenomeGuard	68.196	477.7	20	22
HG00419	GenomeGuard	68.943	476.1	20	22
HG00420	GenomeGuard	73.228	476.1	20	22
HG00421	GenomeGuard	52.289	477.6	20	22
HG00422	GenomeGuard	64.583	476.2	20	22
HG00423	GenomeGuard	60.043	476.6	20	22
HG00427	GenomeGuard	63.472	475.5	20	22
HG00428	GenomeGuard	64.292	478.0	20	22
HG00429	GenomeGuard	67.601	477.7	20	22
HG00436	GenomeGuard	57.372	476.0	20	22
HG00437	GenomeGuard	50.431	476.4	20	22
HG00438	GenomeGuard	53.384	477.8	20	22
HG00442	GenomeGuard	53.336	477.8	20	22
HG00443	GenomeGuard	60.709	477.6	20	22
HG00444	GenomeGuard	74.172	477.4	20	22
HG00445	GenomeGuard	52.021	476.9	20	22
HG00446	GenomeGuard	51.244	476.4	20	22
HG00447	GenomeGuard	61.746	477.4	20	22
HG00448	GenomeGuard	74.448	477.0	20	22
HG00449	GenomeGuard	67.36	476.9	20	22
HG00450	GenomeGuard	64.29	476.7	20	22
HG00451	GenomeGuard	60.843	475.8	20	22
HG00452	GenomeGuard	65.021	478.1	20	22
HG00453	GenomeGuard	67.001	476.3	20	22
HG00457	GenomeGuard	64.104	476.3	20	22
HG00458	GenomeGuard	67.46	476.8	20	22
HG00459	GenomeGuard	67.317	476.2	20	22
HG00463	GenomeGuard	67.672	476.0	20	22
HG00464	GenomeGuard	67.431	477.4	20	22
HG00465	GenomeGuard	69.152	476.8	20	22
HG00472	GenomeGuard	66.741	476.7	20	22
HG00473	GenomeGuard	66.167	475.8	20	22
HG00474	GenomeGuard	60.604	476.2	20	22
HG00475	GenomeGuard	57.068	476.3	20	22
HG00476	GenomeGuard	59.4	475.9	20	22
HG00477	GenomeGuard	62.149	477.3	20	22
HG00478	GenomeGuard	63.533	475.3	20	22
HG00479	GenomeGuard	61.582	477.8	20	22
HG00480	GenomeGuard	65.663	477.0	20	22
HG00500	GenomeGuard	69.892	476.8	20	22
HG00501	GenomeGuard	62.601	476.7	20	22
HG00502	GenomeGuard	54.258	476.9	20	22
HG00512	GenomeGuard	66.178	476.8	20	22
HG00513	GenomeGuard	52.511	476.6	20	22
HG00514	GenomeGuard	49.306	476.7	20	22
HG00524	GenomeGuard	49.07	476.9	20	22
HG00525	GenomeGuard	56.49	478.5	20	22
HG00526	GenomeGuard	70.388	477.3	20	22
HG00530	GenomeGuard	67.552	478.5	20	22
HG00531	GenomeGuard	58.285	477.6	20	22
HG00532	GenomeGuard	57.649	477.7	20	22
HG00533	GenomeGuard	69.166	476.7	20	22
HG00534	GenomeGuard	66.361	477.2	20	22
HG00535	GenomeGuard	67.673	477.4	20	22
HG00536	GenomeGuard	68.871	477.3	20	22
HG00537	GenomeGuard	65.615	476.7	20	22
HG00538	GenomeGuard	65.437	475.8	20	22
HG00542	GenomeGuard	63.746	476.7	20	22
HG00543	GenomeGuard	54.84	477.0	20	22
HG00544	GenomeGuard	49.889	477.4	20	22
HG00551	GenomeGuard	53.95	476.0	20	22
HG00552	GenomeGuard	65.288	477.2	20	22
HG00553	GenomeGuard	67.17	475.9	20	22
HG00554	GenomeGuard	72.197	475.3	20	22
HG00555	GenomeGuard	68.235	475.8	20	22
HG00556	GenomeGuard	64.388	477.1	20	22
HG00557	GenomeGuard	74.437	475.8	20	22
HG00558	GenomeGuard	52.901	476.6	20	22
HG00559	GenomeGuard	59.761	477.0	20	22
HG00560	GenomeGuard	68.47	476.8	20	22
HG00561	GenomeGuard	63.925	477.6	20	22
HG00565	GenomeGuard	65.923	476.4	20	22
HG00566	GenomeGuard	61.172	477.0	20	22
HG00567	GenomeGuard	65.338	477.3	20	22
HG00577	GenomeGuard	70.169	476.2	20	22
HG00578	GenomeGuard	71.077	477.6	20	22
HG00579	GenomeGuard	92.913	476.9	20	22
HG00580	GenomeGuard	55.076	477.1	20	22
HG00581	GenomeGuard	63.719	475.6	20	22
HG00582	GenomeGuard	48.128	476.8	20	22
HG00583	GenomeGuard	48.288	477.4	20	22
HG00584	GenomeGuard	57.805	476.6	20	22
HG00585	GenomeGuard	49.369	476.5	20	22
HG00589	GenomeGuard	47.729	477.1	20	22
HG00590	GenomeGuard	59.246	476.0	20	22
HG00591	GenomeGuard	54.409	478.2	20	22
HG00592	GenomeGuard	47.829	476.7	20	22
HG00593	GenomeGuard	52.327	476.9	20	22
HG00594	GenomeGuard	48.583	477.3	20	22
HG00595	GenomeGuard	51.318	476.0	20	22
HG00596	GenomeGuard	51.194	477.7	20	22
HG00597	GenomeGuard	74.0	477.4	20	22
HG00598	GenomeGuard	64.573	476.5	20	22
HG00599	GenomeGuard	68.95	477.0	20	22
HG00607	GenomeGuard	50.394	476.2	20	22
HG00608	GenomeGuard	63.148	476.8	20	22
HG00609	GenomeGuard	54.86	476.1	20	22
HG00610	GenomeGuard	51.756	477.1	20	22
HG00611	GenomeGuard	52.194	477.5	20	22
HG00612	GenomeGuard	51.237	476.7	20	22
HG00613	GenomeGuard	50.107	477.0	20	22
HG00614	GenomeGuard	49.863	477.7	20	22
HG00615	GenomeGuard	50.785	476.7	20	22
HG00619	GenomeGuard	52.879	477.0	20	22
HG00620	GenomeGuard	58.55	475.9	20	22
HG00621	GenomeGuard	64.978	475.6	20	22
HG00622	GenomeGuard	71.644	476.1	20	22
HG00623	GenomeGuard	74.652	476.0	20	22
HG00625	GenomeGuard	69.7	475.8	20	22
HG00626	GenomeGuard	60.628	476.7	20	22
HG00627	GenomeGuard	53.145	476.8	20	22
HG00628	GenomeGuard	55.956	477.5	20	22
HG00629	GenomeGuard	65.911	476.9	20	22
HG00630	GenomeGuard	61.695	477.1	20	22
HG00631	GenomeGuard	55.508	477.0	20	22
HG00632	GenomeGuard	60.991	477.8	20	22
HG00634	GenomeGuard	55.774	476.3	20	22
HG00635	GenomeGuard	48.313	476.8	20	22
HG00636	GenomeGuard	45.718	476.5	20	22
HG00637	GenomeGuard	46.434	478.0	20	22
HG00638	GenomeGuard	59.943	476.4	20	22
HG00639	GenomeGuard	66.93	475.6	20	22
HG00640	GenomeGuard	67.066	476.7	20	22
HG00641	GenomeGuard	68.02	476.7	20	22
HG00642	GenomeGuard	67.118	477.1	20	22
HG00650	GenomeGuard	55.662	477.9	20	22
HG00651	GenomeGuard	58.04	476.2	20	22
HG00652	GenomeGuard	61.341	476.6	20	22
HG00653	GenomeGuard	72.815	475.9	20	22
HG00654	GenomeGuard	70.162	476.9	20	22
HG00655	GenomeGuard	59.557	476.1	20	22
HG00656	GenomeGuard	50.617	476.1	20	22
HG00657	GenomeGuard	67.066	477.6	20	22
HG00658	GenomeGuard	70.147	476.7	20	22
HG00662	GenomeGuard	67.383	476.2	20	22
HG00663	GenomeGuard	67.753	476.0	20	22
HG00664	GenomeGuard	62.27	476.7	20	22
HG00671	GenomeGuard	64.318	475.4	20	22
HG00672	GenomeGuard	61.211	476.0	20	22
HG00673	GenomeGuard	59.034	477.1	20	22
HG00674	GenomeGuard	65.654	476.2	20	22
HG00675	GenomeGuard	61.866	477.3	20	22
HG00683	GenomeGuard	66.288	477.0	20	22
HG00684	GenomeGuard	56.717	476.5	20	22
HG00685	GenomeGuard	64.389	476.3	20	22
HG00689	GenomeGuard	46.973	476.0	20	22
HG00690	GenomeGuard	64.757	477.2	20	22
HG00691	GenomeGuard	67.26	477.8	20	22
HG00692	GenomeGuard	63.175	477.5	20	22
HG00693	GenomeGuard	61.446	476.2	20	22
HG00694	GenomeGuard	60.483	476.5	20	22
HG00698	GenomeGuard	59.371	477.2	20	22
HG00699	GenomeGuard	63.876	476.7	20	22
HG00700	GenomeGuard	72.296	476.1	20	22
HG00701	GenomeGuard	53.864	476.6	20	22
HG00702	GenomeGuard	55.836	476.4	20	22
HG00703	GenomeGuard	53.231	477.8	20	22
HG00704	GenomeGuard	48.752	476.1	20	22
HG00705	GenomeGuard	61.725	475.8	20	22
HG00706	GenomeGuard	65.48	476.4	20	22
HG00707	GenomeGuard	66.541	476.5	20	22
HG00708	GenomeGuard	68.167	476.4	20	22
HG00709	GenomeGuard	76.165	477.1	20	22
HG00717	GenomeGuard	46.106	476.4	20	22
HG00728	GenomeGuard	46.745	476.4	20	22
HG00729	GenomeGuard	43.366	476.2	20	22
HG00731	GenomeGuard	48.346	477.0	20	22
HG00732	GenomeGuard	50.248	476.2	20	22
HG00733	GenomeGuard	58.099	475.6	20	22
HG00734	GenomeGuard	61.765	476.9	20	22
HG00735	GenomeGuard	61.371	476.5	20	22
HG00736	GenomeGuard	54.882	475.6	20	22
HG00737	GenomeGuard	79.634	476.1	20	22
HG00738	GenomeGuard	67.062	475.7	20	22
HG00739	GenomeGuard	63.315	477.1	20	22
HG00740	GenomeGuard	58.321	477.1	20	22
HG00741	GenomeGuard	48.464	476.5	20	22
HG00742	GenomeGuard	46.848	476.4	20	22
HG00743	GenomeGuard	58.526	475.5	20	22
HG00759	GenomeGuard	67.389	475.7	20	22
HG00766	GenomeGuard	79.126	476.0	20	22
HG00844	GenomeGuard	70.718	476.2	20	22
HG00851	GenomeGuard	74.354	477.5	20	22
HG00864	GenomeGuard	71.303	477.2	20	22
HG00867	GenomeGuard	67.851	476.7	20	22
HG00879	GenomeGuard	58.027	476.8	20	22
HG00881	GenomeGuard	58.755	476.8	20	22
HG00956	GenomeGuard	77.427	476.5	20	22
HG00978	GenomeGuard	59.464	475.6	20	22
HG00982	GenomeGuard	50.59	476.2	20	22
HG01028	GenomeGuard	67.286	476.7	20	22
HG01029	GenomeGuard	56.938	476.9	20	22
HG01031	GenomeGuard	157.182	476.8	20	22
HG01046	GenomeGuard	52.871	477.8	20	22
HG01047	GenomeGuard	54.204	476.1	20	22
HG01048	GenomeGuard	58.062	477.0	20	22
HG01049	GenomeGuard	69.762	476.2	20	22
HG01050	GenomeGuard	62.998	477.0	20	22
HG01051	GenomeGuard	55.348	476.2	20	22
HG01052	GenomeGuard	60.139	476.6	20	22
HG01053	GenomeGuard	56.09	476.0	20	22
HG01054	GenomeGuard	54.507	476.7	20	22
HG01055	GenomeGuard	63.849	477.3	20	22
HG01056	GenomeGuard	54.809	475.5	20	22
HG01058	GenomeGuard	50.035	475.8	20	22
HG01060	GenomeGuard	86.296	476.9	20	22
HG01061	GenomeGuard	58.257	476.7	20	22
HG01062	GenomeGuard	50.584	476.0	20	22
HG01063	GenomeGuard	53.291	476.6	20	22
HG01064	GenomeGuard	55.991	476.8	20	22
HG01066	GenomeGuard	51.439	476.3	20	22
HG01067	GenomeGuard	47.221	475.7	20	22
HG01068	GenomeGuard	55.192	476.5	20	22
HG01069	GenomeGuard	76.526	476.3	20	22
HG01070	GenomeGuard	68.469	476.9	20	22
HG01071	GenomeGuard	60.849	476.5	20	22
HG01072	GenomeGuard	69.333	475.7	20	22
HG01073	GenomeGuard	79.127	476.7	20	22
HG01074	GenomeGuard	81.905	476.0	20	22
HG01075	GenomeGuard	65.105	476.6	20	22
HG01077	GenomeGuard	53.926	476.9	20	22
HG01079	GenomeGuard	79.358	476.7	20	22
HG01080	GenomeGuard	74.034	475.9	20	22
HG01081	GenomeGuard	60.861	476.4	20	22
HG01082	GenomeGuard	45.417	476.4	20	22
HG01083	GenomeGuard	82.562	476.6	20	22
HG01084	GenomeGuard	129.174	478.4	20	22
HG01085	GenomeGuard	141.406	476.0	20	22
HG01086	GenomeGuard	99.496	477.0	20	22
HG01087	GenomeGuard	52.973	476.1	20	22
HG01088	GenomeGuard	51.488	476.7	20	22
HG01089	GenomeGuard	49.58	475.6	20	22
HG01092	GenomeGuard	48.254	476.2	20	22
HG01094	GenomeGuard	48.939	475.4	20	22
HG01095	GenomeGuard	52.625	476.2	20	22
HG01096	GenomeGuard	56.076	476.3	20	22
HG01097	GenomeGuard	59.666	477.3	20	22
HG01098	GenomeGuard	59.463	476.5	20	22
HG01099	GenomeGuard	60.414	477.8	20	22
HG01100	GenomeGuard	68.751	475.4	20	22
HG01101	GenomeGuard	55.327	476.0	20	22
HG01102	GenomeGuard	58.867	475.7	20	22
HG01103	GenomeGuard	63.378	477.2	20	22
HG01104	GenomeGuard	65.219	475.6	20	22
HG01105	GenomeGuard	74.789	476.2	20	22
HG01106	GenomeGuard	56.946	475.5	20	22
HG01107	GenomeGuard	51.237	476.0	20	22
HG01108	GenomeGuard	55.983	475.6	20	22
HG01109	GenomeGuard	61.285	476.6	20	22
HG01110	GenomeGuard	57.029	477.1	20	22
HG01111	GenomeGuard	62.312	476.4	20	22
HG01112	GenomeGuard	66.097	477.9	20	22
HG01113	GenomeGuard	73.948	475.4	20	22
HG01114	GenomeGuard	61.258	476.7	20	22
HG01119	GenomeGuard	69.217	476.7	20	22
HG01121	GenomeGuard	73.987	477.0	20	22
HG01122	GenomeGuard	58.292	475.7	20	22
HG01124	GenomeGuard	53.691	476.7	20	22
HG01125	GenomeGuard	70.386	477.2	20	22
HG01126	GenomeGuard	70.624	475.7	20	22
HG01130	GenomeGuard	83.309	476.5	20	22
HG01131	GenomeGuard	68.234	477.8	20	22
HG01133	GenomeGuard	70.443	477.1	20	22
HG01134	GenomeGuard	71.103	477.7	20	22
HG01135	GenomeGuard	71.898	475.7	20	22
HG01136	GenomeGuard	70.254	477.0	20	22
HG01137	GenomeGuard	73.071	476.1	20	22
HG01138	GenomeGuard	68.907	476.7	20	22
HG01139	GenomeGuard	73.715	476.7	20	22
HG01140	GenomeGuard	57.093	476.3	20	22
HG01141	GenomeGuard	66.567	476.7	20	22
HG01142	GenomeGuard	69.469	475.4	20	22
HG01148	GenomeGuard	74.064	476.0	20	22
HG01149	GenomeGuard	70.399	475.6	20	22
HG01150	GenomeGuard	90.82	475.8	20	22
HG01161	GenomeGuard	72.841	476.5	20	22
HG01162	GenomeGuard	65.444	475.7	20	22
HG01164	GenomeGuard	68.319	477.2	20	22
HG01167	GenomeGuard	73.337	476.6	20	22
HG01168	GenomeGuard	75.656	476.0	20	22
HG01169	GenomeGuard	71.738	476.2	20	22
HG01170	GenomeGuard	84.231	477.1	20	22
HG01171	GenomeGuard	75.116	475.5	20	22
HG01172	GenomeGuard	80.413	475.6	20	22
HG01173	GenomeGuard	75.875	476.0	20	22
HG01174	GenomeGuard	69.081	476.8	20	22
HG01175	GenomeGuard	64.571	476.3	20	22
HG01176	GenomeGuard	54.956	475.7	20	22
HG01177	GenomeGuard	68.808	477.3	20	22
HG01178	GenomeGuard	62.311	476.9	20	22
HG01182	GenomeGuard	56.486	477.7	20	22
HG01183	GenomeGuard	65.755	476.2	20	22
HG01184	GenomeGuard	73.055	476.1	20	22
HG01187	GenomeGuard	58.593	476.7	20	22
HG01188	GenomeGuard	59.976	476.7	20	22
HG01189	GenomeGuard	62.379	477.3	20	22
HG01190	GenomeGuard	59.963	475.8	20	22
HG01191	GenomeGuard	59.835	477.3	20	22
HG01192	GenomeGuard	57.541	476.8	20	22
HG01197	GenomeGuard	60.854	476.1	20	22
HG01198	GenomeGuard	58.106	476.0	20	22
HG01199	GenomeGuard	54.171	476.4	20	22
HG01200	GenomeGuard	61.295	475.6	20	22
HG01204	GenomeGuard	60.947	476.6	20	22
HG01205	GenomeGuard	59.048	476.7	20	22
HG01206	GenomeGuard	61.857	476.8	20	22
HG01241	GenomeGuard	58.72	476.3	20	22
HG01242	GenomeGuard	58.889	477.7	20	22
HG01243	GenomeGuard	58.987	477.0	20	22
HG01247	GenomeGuard	57.387	476.7	20	22
HG01248	GenomeGuard	60.532	476.3	20	22
HG01249	GenomeGuard	53.783	476.2	20	22
HG01250	GenomeGuard	55.69	478.0	20	22
HG01251	GenomeGuard	62.042	477.0	20	22
HG01252	GenomeGuard	51.631	477.1	20	22
HG01253	GenomeGuard	60.313	476.6	20	22
HG01254	GenomeGuard	96.97	476.6	20	22
HG01255	GenomeGuard	73.799	476.3	20	22
HG01256	GenomeGuard	53.316	476.1	20	22
HG01257	GenomeGuard	77.104	476.1	20	22
HG01258	GenomeGuard	52.374	476.9	20	22
HG01259	GenomeGuard	76.272	477.0	20	22
HG01260	GenomeGuard	65.869	476.4	20	22
HG01261	GenomeGuard	67.87	476.2	20	22
HG01269	GenomeGuard	61.08	475.9	20	22
HG01271	GenomeGuard	60.737	478.2	20	22
HG01272	GenomeGuard	74.52	476.7	20	22
HG01273	GenomeGuard	78.334	476.5	20	22
HG01274	GenomeGuard	58.005	476.6	20	22
HG01275	GenomeGuard	58.459	475.9	20	22
HG01276	GenomeGuard	48.633	476.4	20	22
HG01277	GenomeGuard	53.066	476.6	20	22
HG01278	GenomeGuard	56.862	476.2	20	22
HG01279	GenomeGuard	49.49	476.9	20	22
HG01280	GenomeGuard	53.005	477.2	20	22
HG01281	GenomeGuard	52.564	476.6	20	22
HG01284	GenomeGuard	52.531	477.1	20	22
HG01286	GenomeGuard	52.794	476.3	20	22
HG01302	GenomeGuard	53.78	476.2	20	22
HG01303	GenomeGuard	50.896	476.0	20	22
HG01305	GenomeGuard	50.08	477.2	20	22
HG01308	GenomeGuard	52.125	476.2	20	22
HG01311	GenomeGuard	56.575	477.3	20	22
HG01312	GenomeGuard	63.824	477.2	20	22
HG01323	GenomeGuard	61.493	476.6	20	22
HG01325	GenomeGuard	59.274	476.3	20	22
HG01326	GenomeGuard	49.483	476.7	20	22
HG01334	GenomeGuard	56.445	477.1	20	22
HG01341	GenomeGuard	82.783	475.7	20	22
HG01342	GenomeGuard	70.974	477.7	20	22
HG01343	GenomeGuard	56.437	476.2	20	22
HG01344	GenomeGuard	50.712	476.2	20	22
HG01345	GenomeGuard	85.632	476.6	20	22
HG01346	GenomeGuard	76.34	477.3	20	22
HG01347	GenomeGuard	66.197	476.5	20	22
HG01348	GenomeGuard	65.7	476.2	20	22
HG01349	GenomeGuard	53.84	477.9	20	22
HG01350	GenomeGuard	51.956	476.4	20	22
HG01351	GenomeGuard	65.849	475.5	20	22
HG01352	GenomeGuard	62.195	476.3	20	22
HG01353	GenomeGuard	56.273	476.1	20	22
HG01354	GenomeGuard	57.749	477.3	20	22
HG01355	GenomeGuard	53.565	477.1	20	22
HG01356	GenomeGuard	53.568	475.3	20	22
HG01357	GenomeGuard	62.799	477.8	20	22
HG01358	GenomeGuard	56.497	476.1	20	22
HG01359	GenomeGuard	52.875	476.2	20	22
HG01360	GenomeGuard	54.561	476.7	20	22
HG01361	GenomeGuard	64.997	476.4	20	22
HG01362	GenomeGuard	67.169	476.9	20	22
HG01363	GenomeGuard	67.615	477.1	20	22
HG01365	GenomeGuard	65.906	476.8	20	22
HG01366	GenomeGuard	69.549	476.6	20	22
HG01367	GenomeGuard	67.257	475.9	20	22
HG01369	GenomeGuard	58.331	477.2	20	22
HG01372	GenomeGuard	52.976	475.6	20	22
HG01374	GenomeGuard	57.603	476.5	20	22
HG01375	GenomeGuard	59.197	477.1	20	22
HG01376	GenomeGuard	55.325	477.8	20	22
HG01377	GenomeGuard	63.056	477.7	20	22
HG01378	GenomeGuard	52.212	476.4	20	22
HG01379	GenomeGuard	57.611	477.2	20	22
HG01383	GenomeGuard	60.6	476.6	20	22
HG01384	GenomeGuard	59.406	477.2	20	22
HG01385	GenomeGuard	60.106	476.7	20	22
HG01389	GenomeGuard	55.523	477.2	20	22
HG01390	GenomeGuard	51.426	477.4	20	22
HG01391	GenomeGuard	51.453	475.8	20	22
HG01392	GenomeGuard	52.497	475.9	20	22
HG01393	GenomeGuard	58.672	476.4	20	22
HG01395	GenomeGuard	73.398	476.6	20	22
HG01396	GenomeGuard	74.161	475.6	20	22
HG01398	GenomeGuard	53.805	476.5	20	22
HG01402	GenomeGuard	54.336	475.6	20	22
HG01403	GenomeGuard	60.205	476.7	20	22
HG01405	GenomeGuard	56.278	476.8	20	22
HG01412	GenomeGuard	58.122	476.9	20	22
HG01413	GenomeGuard	57.717	477.1	20	22
HG01414	GenomeGuard	58.009	476.4	20	22
HG01431	GenomeGuard	50.052	476.4	20	22
HG01432	GenomeGuard	47.976	476.6	20	22
HG01433	GenomeGuard	49.21	476.4	20	22
HG01435	GenomeGuard	48.137	475.6	20	22
HG01437	GenomeGuard	48.87	476.9	20	22
HG01438	GenomeGuard	52.804	477.3	20	22
HG01439	GenomeGuard	64.239	477.2	20	22
HG01440	GenomeGuard	60.853	476.5	20	22
HG01441	GenomeGuard	66.411	477.1	20	22
HG01443	GenomeGuard	65.417	476.5	20	22
HG01444	GenomeGuard	54.11	476.7	20	22
HG01447	GenomeGuard	45.631	475.3	20	22
HG01455	GenomeGuard	52.371	476.6	20	22
HG01456	GenomeGuard	59.555	476.4	20	22
HG01457	GenomeGuard	111.38	475.6	20	22
HG01459	GenomeGuard	80.475	476.9	20	22
HG01461	GenomeGuard	72.129	475.9	20	22
HG01462	GenomeGuard	61.756	476.6	20	22
HG01463	GenomeGuard	67.751	476.9	20	22
HG01464	GenomeGuard	68.11	476.3	20	22
HG01465	GenomeGuard	70.804	477.3	20	22
HG01466	GenomeGuard	73.102	477.1	20	22
HG01468	GenomeGuard	68.396	476.7	20	22
HG01474	GenomeGuard	70.506	476.7	20	22
HG01479	GenomeGuard	71.499	477.0	20	22
HG01485	GenomeGuard	66.654	476.1	20	22
HG01486	GenomeGuard	54.056	477.6	20	22
HG01488	GenomeGuard	63.35	476.2	20	22
HG01489	GenomeGuard	67.029	476.2	20	22
HG01490	GenomeGuard	53.969	477.4	20	22
HG01491	GenomeGuard	51.676	476.9	20	22
HG01492	GenomeGuard	70.66	475.9	20	22
HG01493	GenomeGuard	67.841	476.1	20	22
HG01494	GenomeGuard	56.367	476.7	20	22
HG01495	GenomeGuard	47.441	477.4	20	22
HG01496	GenomeGuard	53.508	476.3	20	22
HG01497	GenomeGuard	54.375	476.6	20	22
HG01498	GenomeGuard	50.02	475.8	20	22
HG01499	GenomeGuard	60.856	477.4	20	22
HG01500	GenomeGuard	51.963	475.5	20	22
HG01501	GenomeGuard	67.832	477.0	20	22
HG01502	GenomeGuard	78.617	476.9	20	22
HG01503	GenomeGuard	71.725	477.3	20	22
HG01504	GenomeGuard	76.214	475.5	20	22
HG01505	GenomeGuard	72.063	475.6	20	22
HG01506	GenomeGuard	72.362	476.8	20	22
HG01507	GenomeGuard	81.324	475.8	20	22
HG01508	GenomeGuard	73.38	476.2	20	22
HG01509	GenomeGuard	73.382	476.7	20	22
HG01510	GenomeGuard	76.74	476.8	20	22
HG01511	GenomeGuard	85.865	477.8	20	22
HG01512	GenomeGuard	94.409	476.6	20	22
HG01513	GenomeGuard	57.787	475.3	20	22
HG01514	GenomeGuard	74.74	477.2	20	22
HG01515	GenomeGuard	57.232	476.0	20	22
HG01516	GenomeGuard	48.983	476.2	20	22
HG01517	GenomeGuard	59.638	476.5	20	22
HG01518	GenomeGuard	73.779	476.1	20	22
HG01519	GenomeGuard	51.868	477.3	20	22
HG01520	GenomeGuard	57.549	475.9	20	22
HG01521	GenomeGuard	50.192	476.0	20	22
HG01522	GenomeGuard	55.391	476.4	20	22
HG01523	GenomeGuard	58.361	477.4	20	22
HG01524	GenomeGuard	57.073	477.7	20	22
HG01525	GenomeGuard	54.45	475.6	20	22
HG01526	GenomeGuard	56.33	476.6	20	22
HG01527	GenomeGuard	57.02	476.9	20	22
HG01528	GenomeGuard	54.994	476.5	20	22
HG01529	GenomeGuard	59.295	476.5	20	22
HG01530	GenomeGuard	55.246	476.7	20	22
HG01531	GenomeGuard	53.515	476.7	20	22
HG01532	GenomeGuard	53.158	476.0	20	22
HG01536	GenomeGuard	65.476	477.2	20	22
HG01537	GenomeGuard	64.069	476.9	20	22
HG01538	GenomeGuard	67.504	476.6	20	22
HG01550	GenomeGuard	69.513	477.8	20	22
HG01551	GenomeGuard	72.554	475.5	20	22
HG01552	GenomeGuard	73.541	477.4	20	22
HG01556	GenomeGuard	71.422	477.2	20	22
HG01565	GenomeGuard	67.576	475.6	20	22
HG01566	GenomeGuard	61.839	475.8	20	22
HG01567	GenomeGuard	70.774	477.4	20	22
HG01571	GenomeGuard	72.218	477.2	20	22
HG01572	GenomeGuard	72.938	476.8	20	22
HG01573	GenomeGuard	60.297	475.7	20	22
HG01577	GenomeGuard	55.526	476.0	20	22
HG01578	GenomeGuard	52.061	476.0	20	22
HG01579	GenomeGuard	53.575	476.5	20	22
HG01595	GenomeGuard	62.872	475.9	20	22
HG01596	GenomeGuard	63.255	477.6	20	22
HG01597	GenomeGuard	68.615	476.8	20	22
HG01598	GenomeGuard	66.733	477.9	20	22
HG01599	GenomeGuard	60.725	477.4	20	22
HG01600	GenomeGuard	72.795	476.0	20	22
HG01601	GenomeGuard	68.429	476.2	20	22
HG01602	GenomeGuard	67.899	477.2	20	22
HG01603	GenomeGuard	61.395	476.8	20	22
HG01604	GenomeGuard	73.912	475.6	20	22
HG01605	GenomeGuard	73.525	476.0	20	22
HG01606	GenomeGuard	70.047	475.9	20	22
HG01607	GenomeGuard	77.664	477.4	20	22
HG01608	GenomeGuard	55.122	476.9	20	22
HG01609	GenomeGuard	68.975	476.3	20	22
HG01610	GenomeGuard	59.501	477.0	20	22
HG01611	GenomeGuard	74.714	476.6	20	22
HG01612	GenomeGuard	57.438	476.2	20	22
HG01613	GenomeGuard	55.895	476.2	20	22
HG01614	GenomeGuard	75.254	476.7	20	22
HG01615	GenomeGuard	64.358	476.7	20	22
HG01616	GenomeGuard	54.543	476.6	20	22
HG01617	GenomeGuard	59.15	476.8	20	22
HG01618	GenomeGuard	69.933	476.2	20	22
HG01619	GenomeGuard	66.052	476.1	20	22
HG01620	GenomeGuard	61.636	476.7	20	22
HG01621	GenomeGuard	58.557	477.5	20	22
HG01622	GenomeGuard	66.343	477.0	20	22
HG01623	GenomeGuard	69.021	476.4	20	22
HG01624	GenomeGuard	59.053	475.9	20	22
HG01625	GenomeGuard	65.206	477.0	20	22
HG01626	GenomeGuard	69.537	476.1	20	22
HG01627	GenomeGuard	73.213	476.4	20	22
HG01628	GenomeGuard	66.007	477.8	20	22
HG01629	GenomeGuard	54.011	476.7	20	22
HG01630	GenomeGuard	53.322	476.7	20	22
HG01631	GenomeGuard	54.531	477.4	20	22
HG01632	GenomeGuard	64.098	476.1	20	22
HG01633	GenomeGuard	70.159	477.3	20	22
HG01667	GenomeGuard	69.373	476.8	20	22
HG01668	GenomeGuard	73.661	477.3	20	22
HG01669	GenomeGuard	68.081	477.3	20	22
HG01670	GenomeGuard	61.842	476.1	20	22
HG01671	GenomeGuard	54.019	476.8	20	22
HG01672	GenomeGuard	85.183	476.3	20	22
HG01673	GenomeGuard	55.566	476.4	20	22
HG01674	GenomeGuard	58.379	476.1	20	22
HG01675	GenomeGuard	68.537	475.8	20	22
HG01676	GenomeGuard	50.84	476.6	20	22
HG01677	GenomeGuard	54.831	477.0	20	22
HG01678	GenomeGuard	49.016	477.0	20	22
HG01679	GenomeGuard	49.83	477.2	20	22
HG01680	GenomeGuard	47.574	477.2	20	22
HG01681	GenomeGuard	51.123	476.1	20	22
HG01682	GenomeGuard	52.049	476.4	20	22
HG01683	GenomeGuard	45.793	477.4	20	22
HG01684	GenomeGuard	62.774	476.0	20	22
HG01685	GenomeGuard	49.186	476.4	20	22
HG01686	GenomeGuard	55.374	477.3	20	22
HG01687	GenomeGuard	54.77	475.9	20	22
HG01694	GenomeGuard	53.239	477.0	20	22
HG01695	GenomeGuard	59.523	475.9	20	22
HG01696	GenomeGuard	122.649	476.4	20	22
HG01697	GenomeGuard	72.793	476.9	20	22
HG01698	GenomeGuard	52.496	476.8	20	22
HG01699	GenomeGuard	48.368	477.2	20	22
HG01700	GenomeGuard	45.38	476.0	20	22
HG01701	GenomeGuard	47.524	477.9	20	22
HG01702	GenomeGuard	47.378	476.4	20	22
HG01703	GenomeGuard	47.246	476.3	20	22
HG01704	GenomeGuard	47.757	476.7	20	22
HG01705	GenomeGuard	51.365	475.7	20	22
HG01706	GenomeGuard	49.034	477.3	20	22
HG01707	GenomeGuard	48.939	476.5	20	22
HG01708	GenomeGuard	49.478	476.9	20	22
HG01709	GenomeGuard	50.109	476.9	20	22
HG01710	GenomeGuard	64.871	476.7	20	22
HG01711	GenomeGuard	46.959	477.3	20	22
HG01746	GenomeGuard	46.55	477.4	20	22
HG01747	GenomeGuard	49.073	476.1	20	22
HG01748	GenomeGuard	67.473	477.8	20	22
HG01755	GenomeGuard	54.817	476.7	20	22
HG01756	GenomeGuard	54.444	476.4	20	22
HG01757	GenomeGuard	73.195	475.9	20	22
HG01761	GenomeGuard	72.041	476.5	20	22
HG01762	GenomeGuard	59.983	477.9	20	22
HG01763	GenomeGuard	67.22	476.8	20	22
HG01765	GenomeGuard	77.263	475.7	20	22
HG01766	GenomeGuard	101.225	475.8	20	22
HG01767	GenomeGuard	76.168	476.4	20	22
HG01768	GenomeGuard	70.219	476.5	20	22
HG01770	GenomeGuard	65.877	475.8	20	22
HG01771	GenomeGuard	70.076	476.4	20	22
HG01772	GenomeGuard	48.64	477.7	20	22
HG01773	GenomeGuard	56.222	477.1	20	22
HG01774	GenomeGuard	51.931	475.4	20	22
HG01775	GenomeGuard	66.272	476.2	20	22
HG01776	GenomeGuard	72.763	476.5	20	22
HG01777	GenomeGuard	120.146	476.6	20	22
HG01778	GenomeGuard	55.628	476.0	20	22
HG01779	GenomeGuard	102.159	476.3	20	22
HG01780	GenomeGuard	50.927	477.3	20	22
HG01781	GenomeGuard	48.741	476.6	20	22
HG01782	GenomeGuard	57.678	475.9	20	22
HG01784	GenomeGuard	76.355	475.6	20	22
HG01785	GenomeGuard	93.213	476.7	20	22
HG01786	GenomeGuard	66.081	476.7	20	22
HG01789	GenomeGuard	48.192	476.0	20	22
HG01790	GenomeGuard	46.505	476.2	20	22
HG01791	GenomeGuard	47.044	476.3	20	22
HG01794	GenomeGuard	51.726	476.5	20	22
HG01795	GenomeGuard	54.135	477.0	20	22
HG01796	GenomeGuard	49.511	477.0	20	22
HG01797	GenomeGuard	49.26	476.4	20	22
HG01798	GenomeGuard	53.192	475.7	20	22
HG01799	GenomeGuard	59.61	477.1	20	22
HG01800	GenomeGuard	46.233	476.9	20	22
HG01801	GenomeGuard	48.54	476.5	20	22
HG01802	GenomeGuard	51.306	476.2	20	22
HG01804	GenomeGuard	57.497	476.5	20	22
HG01805	GenomeGuard	50.002	476.6	20	22
HG01806	GenomeGuard	57.593	476.7	20	22
HG01807	GenomeGuard	71.243	476.2	20	22
HG01808	GenomeGuard	80.175	476.8	20	22
HG01809	GenomeGuard	67.285	476.2	20	22
HG01810	GenomeGuard	59.849	476.3	20	22
HG01811	GenomeGuard	52.011	476.5	20	22
HG01812	GenomeGuard	47.908	475.6	20	22
HG01813	GenomeGuard	71.32	476.7	20	22
HG01815	GenomeGuard	77.016	476.4	20	22
HG01816	GenomeGuard	72.086	475.4	20	22
HG01817	GenomeGuard	73.361	475.8	20	22
HG01840	GenomeGuard	71.528	478.3	20	22
HG01841	GenomeGuard	90.276	475.4	20	22
HG01842	GenomeGuard	76.33	476.9	20	22
HG01843	GenomeGuard	50.359	476.6	20	22
HG01844	GenomeGuard	47.91	476.3	20	22
HG01845	GenomeGuard	50.476	477.1	20	22
HG01846	GenomeGuard	48.949	475.4	20	22
HG01847	GenomeGuard	48.828	476.4	20	22
HG01848	GenomeGuard	48.37	476.5	20	22
HG01849	GenomeGuard	51.002	475.7	20	22
HG01850	GenomeGuard	51.832	477.6	20	22
HG01851	GenomeGuard	51.332	476.2	20	22
HG01852	GenomeGuard	50.443	476.7	20	22
HG01853	GenomeGuard	51.098	475.9	20	22
HG01855	GenomeGuard	52.618	477.3	20	22
HG01857	GenomeGuard	70.271	476.9	20	22
HG01858	GenomeGuard	57.683	475.9	20	22
HG01859	GenomeGuard	54.721	476.2	20	22
HG01860	GenomeGuard	61.459	475.3	20	22
HG01861	GenomeGuard	66.72	475.6	20	22
HG01862	GenomeGuard	75.48	476.1	20	22
HG01863	GenomeGuard	78.017	476.9	20	22
HG01864	GenomeGuard	75.657	476.0	20	22
HG01865	GenomeGuard	74.43	476.7	20	22
HG01866	GenomeGuard	50.74	476.3	20	22
HG01867	GenomeGuard	49.859	477.3	20	22
HG01868	GenomeGuard	58.859	475.6	20	22
HG01869	GenomeGuard	49.976	475.5	20	22
HG01870	GenomeGuard	54.188	475.6	20	22
HG01871	GenomeGuard	49.831	475.9	20	22
HG01872	GenomeGuard	50.1	476.6	20	22
HG01873	GenomeGuard	43.148	476.8	20	22
HG01874	GenomeGuard	44.476	476.1	20	22
HG01878	GenomeGuard	52.733	476.9	20	22
HG01879	GenomeGuard	52.73	476.2	20	22
HG01880	GenomeGuard	56.225	475.9	20	22
HG01881	GenomeGuard	69.207	475.6	20	22
HG01882	GenomeGuard	64.781	476.0	20	22
HG01883	GenomeGuard	70.806	476.1	20	22
HG01884	GenomeGuard	68.987	476.4	20	22
HG01885	GenomeGuard	74.111	476.0	20	22
HG01886	GenomeGuard	54.647	475.6	20	22
HG01887	GenomeGuard	58.826	478.3	20	22
HG01888	GenomeGuard	92.464	476.7	20	22
HG01889	GenomeGuard	56.086	478.0	20	22
HG01890	GenomeGuard	72.191	476.6	20	22
HG01891	GenomeGuard	58.386	476.4	20	22
HG01892	GenomeGuard	63.743	475.8	20	22
HG01893	GenomeGuard	71.811	476.6	20	22
HG01894	GenomeGuard	72.786	476.5	20	22
HG01895	GenomeGuard	68.103	475.5	20	22
HG01896	GenomeGuard	56.841	476.7	20	22
HG01897	GenomeGuard	57.91	475.9	20	22
HG01898	GenomeGuard	59.774	475.5	20	22
HG01912	GenomeGuard	72.752	476.7	20	22
HG01914	GenomeGuard	71.394	475.9	20	22
HG01915	GenomeGuard	75.241	476.2	20	22
HG01916	GenomeGuard	53.816	477.6	20	22
HG01917	GenomeGuard	49.594	477.5	20	22
HG01918	GenomeGuard	58.641	475.6	20	22
HG01919	GenomeGuard	48.126	477.5	20	22
HG01920	GenomeGuard	49.645	476.8	20	22
HG01921	GenomeGuard	46.295	475.6	20	22
HG01922	GenomeGuard	49.65	477.1	20	22
HG01923	GenomeGuard	52.272	476.8	20	22
HG01924	GenomeGuard	48.199	476.4	20	22
HG01925	GenomeGuard	47.177	476.7	20	22
HG01926	GenomeGuard	47.673	477.6	20	22
HG01927	GenomeGuard	53.307	477.2	20	22
HG01928	GenomeGuard	68.795	476.6	20	22
HG01932	GenomeGuard	72.755	476.1	20	22
HG01933	GenomeGuard	48.979	476.1	20	22
HG01934	GenomeGuard	61.394	477.7	20	22
HG01935	GenomeGuard	67.07	477.0	20	22
HG01936	GenomeGuard	53.097	476.2	20	22
HG01937	GenomeGuard	59.571	477.6	20	22
HG01938	GenomeGuard	65.867	477.4	20	22
HG01939	GenomeGuard	64.4	476.1	20	22
HG01940	GenomeGuard	53.878	477.1	20	22
HG01941	GenomeGuard	59.212	476.8	20	22
HG01942	GenomeGuard	65.138	477.2	20	22
HG01943	GenomeGuard	79.135	476.9	20	22
HG01944	GenomeGuard	63.739	476.7	20	22
HG01945	GenomeGuard	53.652	475.3	20	22
HG01946	GenomeGuard	79.392	476.2	20	22
HG01947	GenomeGuard	114.372	476.6	20	22
HG01948	GenomeGuard	45.544	477.3	20	22
HG01949	GenomeGuard	52.39	476.0	20	22
HG01950	GenomeGuard	60.888	476.4	20	22
HG01951	GenomeGuard	56.902	476.1	20	22
HG01952	GenomeGuard	62.924	476.4	20	22
HG01953	GenomeGuard	68.858	476.2	20	22
HG01954	GenomeGuard	61.616	476.1	20	22
HG01955	GenomeGuard	51.972	477.3	20	22
HG01956	GenomeGuard	53.207	477.0	20	22
HG01958	GenomeGuard	52.771	475.9	20	22
HG01959	GenomeGuard	44.091	476.0	20	22
HG01960	GenomeGuard	50.929	476.7	20	22
HG01961	GenomeGuard	59.513	476.1	20	22
HG01965	GenomeGuard	67.499	476.7	20	22
HG01967	GenomeGuard	59.675	476.1	20	22
HG01968	GenomeGuard	57.858	476.8	20	22
HG01969	GenomeGuard	64.546	476.3	20	22
HG01970	GenomeGuard	76.534	476.2	20	22
HG01971	GenomeGuard	63.557	475.8	20	22
HG01972	GenomeGuard	61.503	475.7	20	22
HG01973	GenomeGuard	81.999	476.1	20	22
HG01974	GenomeGuard	55.868	476.2	20	22
HG01975	GenomeGuard	55.568	475.9	20	22
HG01976	GenomeGuard	56.336	475.7	20	22
HG01977	GenomeGuard	48.518	476.3	20	22
HG01978	GenomeGuard	53.92	476.3	20	22
HG01979	GenomeGuard	61.743	476.3	20	22
HG01980	GenomeGuard	72.935	477.1	20	22
HG01981	GenomeGuard	72.809	476.5	20	22
HG01982	GenomeGuard	74.714	477.7	20	22
HG01983	GenomeGuard	70.193	476.9	20	22
HG01984	GenomeGuard	70.219	476.4	20	22
HG01985	GenomeGuard	72.1	475.7	20	22
HG01986	GenomeGuard	67.587	476.1	20	22
HG01987	GenomeGuard	68.627	475.7	20	22
HG01988	GenomeGuard	63.742	476.4	20	22
HG01989	GenomeGuard	66.514	475.3	20	22
HG01990	GenomeGuard	70.891	477.1	20	22
HG01991	GenomeGuard	67.943	476.9	20	22
HG01992	GenomeGuard	66.227	477.4	20	22
HG01993	GenomeGuard	70.656	477.5	20	22
HG01997	GenomeGuard	69.415	475.5	20	22
HG01998	GenomeGuard	73.777	477.1	20	22
HG02002	GenomeGuard	73.74	477.1	20	22
HG02003	GenomeGuard	71.106	476.5	20	22
HG02004	GenomeGuard	72.259	476.3	20	22
HG02006	GenomeGuard	68.24	476.4	20	22
HG02008	GenomeGuard	67.062	476.2	20	22
HG02009	GenomeGuard	65.518	477.8	20	22
HG02010	GenomeGuard	68.624	476.5	20	22
HG02011	GenomeGuard	61.487	476.7	20	22
HG02012	GenomeGuard	59.384	476.4	20	22
HG02013	GenomeGuard	71.761	476.5	20	22
HG02014	GenomeGuard	67.329	475.8	20	22
HG02015	GenomeGuard	64.019	475.3	20	22
HG02016	GenomeGuard	98.724	475.7	20	22
HG02017	GenomeGuard	63.376	476.9	20	22
HG02018	GenomeGuard	52.924	476.4	20	22
HG02019	GenomeGuard	57.871	477.3	20	22
HG02020	GenomeGuard	53.076	476.5	20	22
HG02023	GenomeGuard	54.218	475.3	20	22
HG02024	GenomeGuard	52.363	475.5	20	22
HG02025	GenomeGuard	52.764	475.7	20	22
HG02026	GenomeGuard	63.589	476.4	20	22
HG02027	GenomeGuard	83.506	477.3	20	22
HG02028	GenomeGuard	78.889	476.5	20	22
HG02029	GenomeGuard	81.024	476.2	20	22
HG02030	GenomeGuard	82.576	475.6	20	22
HG02031	GenomeGuard	79.426	476.2	20	22
HG02032	GenomeGuard	55.995	476.0	20	22
HG02035	GenomeGuard	69.106	476.7	20	22
HG02040	GenomeGuard	73.254	476.7	20	22
HG02047	GenomeGuard	66.608	477.1	20	22
HG02048	GenomeGuard	65.542	476.7	20	22
HG02049	GenomeGuard	76.678	476.6	20	22
HG02050	GenomeGuard	68.721	476.2	20	22
HG02051	GenomeGuard	51.758	476.0	20	22
HG02052	GenomeGuard	58.399	475.5	20	22
HG02053	GenomeGuard	52.087	477.3	20	22
HG02054	GenomeGuard	68.799	475.6	20	22
HG02055	GenomeGuard	76.933	476.2	20	22
HG02056	GenomeGuard	70.731	476.4	20	22
HG02057	GenomeGuard	57.958	476.5	20	22
HG02058	GenomeGuard	54.018	475.9	20	22
HG02059	GenomeGuard	55.246	476.6	20	22
HG02060	GenomeGuard	161.879	477.0	20	22
HG02061	GenomeGuard	135.391	476.9	20	22
HG02064	GenomeGuard	105.464	475.6	20	22
HG02067	GenomeGuard	66.262	476.2	20	22
HG02068	GenomeGuard	57.823	475.6	20	22
HG02069	GenomeGuard	47.695	476.2	20	22
HG02070	GenomeGuard	45.161	477.1	20	22
HG02071	GenomeGuard	55.337	477.0	20	22
HG02072	GenomeGuard	52.718	476.7	20	22
HG02073	GenomeGuard	59.01	476.3	20	22
HG02074	GenomeGuard	70.262	475.7	20	22
HG02075	GenomeGuard	69.437	476.0	20	22
HG02076	GenomeGuard	72.765	476.2	20	22
HG02077	GenomeGuard	70.292	476.5	20	22
HG02078	GenomeGuard	69.549	475.8	20	22
HG02079	GenomeGuard	71.637	476.9	20	22
HG02080	GenomeGuard	69.473	476.7	20	22
HG02081	GenomeGuard	69.461	477.2	20	22
HG02082	GenomeGuard	69.026	476.4	20	22
HG02083	GenomeGuard	68.825	475.7	20	22
HG02084	GenomeGuard	76.127	476.6	20	22
HG02085	GenomeGuard	67.5	476.0	20	22
HG02086	GenomeGuard	67.764	475.3	20	22
HG02087	GenomeGuard	71.328	476.5	20	22
HG02088	GenomeGuard	75.868	477.3	20	22
HG02089	GenomeGuard	68.182	476.7	20	22
HG02090	GenomeGuard	51.997	476.7	20	22
HG02091	GenomeGuard	53.101	477.5	20	22
HG02095	GenomeGuard	59.192	475.4	20	22
HG02102	GenomeGuard	71.35	476.8	20	22
HG02104	GenomeGuard	76.477	476.9	20	22
HG02105	GenomeGuard	73.339	476.6	20	22
HG02106	GenomeGuard	67.225	476.2	20	22
HG02107	GenomeGuard	57.337	475.4	20	22
HG02108	GenomeGuard	58.952	477.7	20	22
HG02111	GenomeGuard	60.691	476.1	20	22
HG02113	GenomeGuard	62.415	476.2	20	22
HG02116	GenomeGuard	57.382	476.2	20	22
HG02120	GenomeGuard	61.98	475.4	20	22
HG02121	GenomeGuard	66.435	477.3	20	22
HG02122	GenomeGuard	66.97	476.4	20	22
HG02126	GenomeGuard	52.949	476.2	20	22
HG02127	GenomeGuard	49.181	477.4	20	22
HG02128	GenomeGuard	62.011	476.7	20	22
HG02129	GenomeGuard	64.558	475.6	20	22
HG02130	GenomeGuard	64.151	475.9	20	22
HG02131	GenomeGuard	63.56	475.5	20	22
HG02132	GenomeGuard	65.282	476.7	20	22
HG02133	GenomeGuard	63.262	476.7	20	22
HG02134	GenomeGuard	66.697	477.0	20	22
HG02135	GenomeGuard	70.876	475.9	20	22
HG02136	GenomeGuard	66.777	476.6	20	22
HG02137	GenomeGuard	62.991	476.9	20	22
HG02138	GenomeGuard	67.044	475.7	20	22
HG02139	GenomeGuard	66.308	476.9	20	22
HG02140	GenomeGuard	68.204	475.2	20	22
HG02141	GenomeGuard	65.392	476.3	20	22
HG02142	GenomeGuard	71.102	476.0	20	22
HG02143	GenomeGuard	73.819	475.5	20	22
HG02144	GenomeGuard	55.231	476.6	20	22
HG02145	GenomeGuard	51.412	477.1	20	22
HG02146	GenomeGuard	50.404	475.5	20	22
HG02147	GenomeGuard	51.015	475.8	20	22
HG02148	GenomeGuard	54.426	476.5	20	22
HG02150	GenomeGuard	64.576	475.9	20	22
HG02151	GenomeGuard	63.757	476.7	20	22
HG02152	GenomeGuard	60.37	476.5	20	22
HG02153	GenomeGuard	55.926	476.5	20	22
HG02154	GenomeGuard	49.004	475.5	20	22
HG02155	GenomeGuard	47.992	476.3	20	22
HG02156	GenomeGuard	56.169	476.9	20	22
HG02164	GenomeGuard	69.023	475.6	20	22
HG02165	GenomeGuard	67.089	477.4	20	22
HG02166	GenomeGuard	63.417	475.6	20	22
HG02178	GenomeGuard	47.974	476.8	20	22
HG02179	GenomeGuard	53.229	475.9	20	22
HG02180	GenomeGuard	64.925	476.9	20	22
HG02181	GenomeGuard	67.884	476.3	20	22
HG02182	GenomeGuard	55.503	475.9	20	22
HG02184	GenomeGuard	60.916	475.9	20	22
HG02185	GenomeGuard	67.139	476.8	20	22
HG02186	GenomeGuard	66.912	476.1	20	22
HG02187	GenomeGuard	52.267	475.2	20	22
HG02188	GenomeGuard	59.202	475.5	20	22
HG02190	GenomeGuard	67.514	475.4	20	22
HG02215	GenomeGuard	69.196	476.6	20	22
HG02219	GenomeGuard	69.513	477.7	20	22
HG02220	GenomeGuard	72.153	477.2	20	22
HG02221	GenomeGuard	74.123	475.6	20	22
HG02222	GenomeGuard	83.169	476.5	20	22
HG02223	GenomeGuard	79.481	476.2	20	22
HG02224	GenomeGuard	77.736	476.3	20	22
HG02225	GenomeGuard	78.564	476.3	20	22
HG02229	GenomeGuard	77.204	476.5	20	22
HG02230	GenomeGuard	58.982	476.8	20	22
HG02231	GenomeGuard	55.944	476.4	20	22
HG02232	GenomeGuard	53.261	475.8	20	22
HG02233	GenomeGuard	53.406	475.9	20	22
HG02234	GenomeGuard	52.789	476.4	20	22
HG02235	GenomeGuard	52.72	476.2	20	22
HG02236	GenomeGuard	52.429	476.8	20	22
HG02237	GenomeGuard	67.527	476.8	20	22
HG02238	GenomeGuard	61.904	475.4	20	22
HG02239	GenomeGuard	54.841	475.9	20	22
HG02240	GenomeGuard	54.428	475.2	20	22
HG02250	GenomeGuard	51.919	477.4	20	22
HG02252	GenomeGuard	50.869	476.4	20	22
HG02253	GenomeGuard	55.208	475.7	20	22
HG02255	GenomeGuard	74.779	476.4	20	22
HG02256	GenomeGuard	75.843	476.9	20	22
HG02257	GenomeGuard	57.965	476.2	20	22
HG02258	GenomeGuard	51.906	475.6	20	22
HG02259	GenomeGuard	62.333	476.7	20	22
HG02260	GenomeGuard	74.145	475.7	20	22
HG02261	GenomeGuard	64.378	476.0	20	22
HG02262	GenomeGuard	53.794	476.8	20	22
HG02265	GenomeGuard	58.744	475.4	20	22
HG02266	GenomeGuard	58.961	475.9	20	22
HG02271	GenomeGuard	74.639	476.5	20	22
HG02272	GenomeGuard	71.689	476.9	20	22
HG02273	GenomeGuard	77.409	476.7	20	22
HG02274	GenomeGuard	72.701	476.5	20	22
HG02275	GenomeGuard	55.126	476.9	20	22
HG02277	GenomeGuard	73.727	475.9	20	22
HG02278	GenomeGuard	70.214	475.7	20	22
HG02279	GenomeGuard	72.045	476.4	20	22
HG02280	GenomeGuard	81.599	476.6	20	22
HG02281	GenomeGuard	66.187	476.4	20	22
HG02282	GenomeGuard	70.769	477.0	20	22
HG02283	GenomeGuard	53.903	475.3	20	22
HG02284	GenomeGuard	61.203	476.5	20	22
HG02285	GenomeGuard	72.93	475.5	20	22
HG02286	GenomeGuard	76.035	476.5	20	22
HG02287	GenomeGuard	72.606	476.3	20	22
HG02291	GenomeGuard	73.041	477.2	20	22
HG02292	GenomeGuard	68.61	477.0	20	22
HG02293	GenomeGuard	68.229	478.2	20	22
HG02298	GenomeGuard	70.794	476.3	20	22
HG02299	GenomeGuard	66.314	476.4	20	22
HG02300	GenomeGuard	69.627	475.6	20	22
HG02301	GenomeGuard	54.543	476.8	20	22
HG02302	GenomeGuard	48.374	475.7	20	22
HG02303	GenomeGuard	57.567	477.7	20	22
HG02304	GenomeGuard	52.895	477.0	20	22
HG02307	GenomeGuard	55.906	476.6	20	22
HG02308	GenomeGuard	50.763	476.8	20	22
HG02309	GenomeGuard	65.931	476.3	20	22
HG02312	GenomeGuard	73.409	477.1	20	22
HG02314	GenomeGuard	67.158	475.7	20	22
HG02315	GenomeGuard	60.218	476.1	20	22
HG02316	GenomeGuard	61.453	476.5	20	22
HG02317	GenomeGuard	65.574	476.3	20	22
HG02318	GenomeGuard	64.941	476.2	20	22
HG02321	GenomeGuard	57.975	477.3	20	22
HG02322	GenomeGuard	49.654	476.7	20	22
HG02323	GenomeGuard	48.87	476.4	20	22
HG02325	GenomeGuard	54.615	476.7	20	22
HG02330	GenomeGuard	66.415	476.0	20	22
HG02332	GenomeGuard	65.448	477.2	20	22
HG02334	GenomeGuard	73.672	475.9	20	22
HG02337	GenomeGuard	58.074	476.1	20	22
HG02339	GenomeGuard	67.209	477.0	20	22
HG02343	GenomeGuard	73.329	476.0	20	22
HG02345	GenomeGuard	67.854	476.6	20	22
HG02348	GenomeGuard	72.964	476.7	20	22
HG02351	GenomeGuard	66.913	476.0	20	22
HG02353	GenomeGuard	73.048	475.8	20	22
HG02355	GenomeGuard	74.663	475.6	20	22
HG02356	GenomeGuard	57.514	475.9	20	22
HG02360	GenomeGuard	73.156	476.4	20	22
HG02364	GenomeGuard	76.8	477.8	20	22
HG02367	GenomeGuard	85.978	475.8	20	22
HG02371	GenomeGuard	58.098	475.5	20	22
HG02373	GenomeGuard	52.027	476.1	20	22
HG02374	GenomeGuard	65.715	476.0	20	22
HG02375	GenomeGuard	78.666	476.2	20	22
HG02379	GenomeGuard	80.186	477.3	20	22
HG02380	GenomeGuard	72.186	475.9	20	22
HG02382	GenomeGuard	48.451	476.9	20	22
HG02383	GenomeGuard	53.376	476.8	20	22
HG02384	GenomeGuard	61.331	476.0	20	22
HG02385	GenomeGuard	75.291	475.9	20	22
HG02386	GenomeGuard	63.05	476.2	20	22
HG02389	GenomeGuard	69.684	476.8	20	22
HG02390	GenomeGuard	66.223	475.9	20	22
HG02391	GenomeGuard	71.281	475.6	20	22
HG02392	GenomeGuard	50.941	476.8	20	22
HG02394	GenomeGuard	51.427	477.2	20	22
HG02395	GenomeGuard	59.429	476.6	20	22
HG02396	GenomeGuard	54.335	475.6	20	22
HG02397	GenomeGuard	58.74	476.0	20	22
HG02398	GenomeGuard	67.669	476.2	20	22
HG02399	GenomeGuard	66.147	476.1	20	22
HG02401	GenomeGuard	64.123	475.6	20	22
HG02402	GenomeGuard	59.589	477.3	20	22
HG02406	GenomeGuard	60.534	476.1	20	22
HG02407	GenomeGuard	57.389	476.3	20	22
HG02408	GenomeGuard	58.566	476.7	20	22
HG02409	GenomeGuard	58.684	477.0	20	22
HG02410	GenomeGuard	53.964	475.6	20	22
HG02419	GenomeGuard	66.356	475.9	20	22
HG02420	GenomeGuard	70.561	476.6	20	22
HG02425	GenomeGuard	70.689	476.3	20	22
HG02427	GenomeGuard	71.05	476.2	20	22
HG02429	GenomeGuard	66.093	475.8	20	22
HG02433	GenomeGuard	72.681	477.0	20	22
HG02439	GenomeGuard	57.116	476.0	20	22
HG02442	GenomeGuard	67.76	477.5	20	22
HG02445	GenomeGuard	60.859	475.8	20	22
HG02449	GenomeGuard	62.156	476.3	20	22
HG02450	GenomeGuard	62.862	476.1	20	22
HG02451	GenomeGuard	64.073	476.3	20	22
HG02455	GenomeGuard	70.293	476.2	20	22
HG02461	GenomeGuard	60.305	476.4	20	22
HG02462	GenomeGuard	59.008	476.1	20	22
HG02463	GenomeGuard	64.217	476.2	20	22
HG02464	GenomeGuard	73.257	475.5	20	22
HG02465	GenomeGuard	70.701	475.8	20	22
HG02466	GenomeGuard	53.049	477.0	20	22
HG02470	GenomeGuard	51.131	476.1	20	22
HG02471	GenomeGuard	52.773	475.5	20	22
HG02476	GenomeGuard	51.012	475.6	20	22
HG02477	GenomeGuard	53.64	477.1	20	22
HG02479	GenomeGuard	62.46	477.1	20	22
HG02481	GenomeGuard	71.397	476.4	20	22
HG02484	GenomeGuard	71.181	477.1	20	22
HG02485	GenomeGuard	75.665	476.6	20	22
HG02489	GenomeGuard	62.325	476.4	20	22
HG02496	GenomeGuard	61.804	475.8	20	22
HG02497	GenomeGuard	59.616	476.2	20	22
HG02501	GenomeGuard	69.95	475.7	20	22
HG02502	GenomeGuard	69.32	475.7	20	22
HG02505	GenomeGuard	64.785	476.1	20	22
HG02508	GenomeGuard	65.803	477.1	20	22
HG02511	GenomeGuard	66.686	476.2	20	22
HG02512	GenomeGuard	70.248	476.7	20	22
HG02513	GenomeGuard	65.478	477.0	20	22
HG02514	GenomeGuard	61.285	476.1	20	22
HG02521	GenomeGuard	59.146	476.7	20	22
HG02522	GenomeGuard	59.736	476.7	20	22
HG02523	GenomeGuard	64.996	475.2	20	22
HG02524	GenomeGuard	66.608	476.0	20	22
HG02525	GenomeGuard	65.4	476.3	20	22
HG02526	GenomeGuard	70.694	475.6	20	22
HG02536	GenomeGuard	67.434	476.1	20	22
HG02537	GenomeGuard	68.208	476.6	20	22
HG02541	GenomeGuard	66.342	477.3	20	22
HG02545	GenomeGuard	70.017	477.1	20	22
HG02546	GenomeGuard	67.234	477.9	20	22
HG02549	GenomeGuard	69.059	476.4	20	22
HG02554	GenomeGuard	67.573	476.0	20	22
HG02555	GenomeGuard	72.024	476.7	20	22
HG02557	GenomeGuard	71.451	476.0	20	22
HG02558	GenomeGuard	71.563	476.0	20	22
HG02561	GenomeGuard	60.294	477.0	20	22
HG02562	GenomeGuard	50.696	476.4	20	22
HG02563	GenomeGuard	72.711	476.3	20	22
HG02568	GenomeGuard	72.547	475.8	20	22
HG02569	GenomeGuard	70.999	476.0	20	22
HG02570	GenomeGuard	55.357	476.4	20	22
HG02571	GenomeGuard	56.269	477.7	20	22
HG02572	GenomeGuard	58.943	477.0	20	22
HG02573	GenomeGuard	56.335	476.6	20	22
HG02574	GenomeGuard	66.004	476.4	20	22
HG02575	GenomeGuard	63.247	476.4	20	22
HG02577	GenomeGuard	65.11	476.5	20	22
HG02580	GenomeGuard	57.383	475.8	20	22
HG02582	GenomeGuard	58.57	476.0	20	22
HG02583	GenomeGuard	58.243	477.4	20	22
HG02584	GenomeGuard	70.088	475.7	20	22
HG02585	GenomeGuard	60.506	476.2	20	22
HG02586	GenomeGuard	55.122	476.6	20	22
HG02587	GenomeGuard	62.691	476.2	20	22
HG02588	GenomeGuard	61.379	476.2	20	22
HG02589	GenomeGuard	63.833	477.0	20	22
HG02590	GenomeGuard	68.537	475.9	20	22
HG02594	GenomeGuard	65.265	476.4	20	22
HG02595	GenomeGuard	61.093	477.4	20	22
HG02596	GenomeGuard	65.448	477.1	20	22
HG02610	GenomeGuard	65.131	476.8	20	22
HG02611	GenomeGuard	64.047	476.3	20	22
HG02612	GenomeGuard	58.138	476.4	20	22
HG02613	GenomeGuard	98.221	476.1	20	22
HG02614	GenomeGuard	80.711	476.4	20	22
HG02615	GenomeGuard	72.754	476.2	20	22
HG02620	GenomeGuard	78.672	476.3	20	22
HG02621	GenomeGuard	77.933	476.4	20	22
HG02622	GenomeGuard	79.832	477.3	20	22
HG02623	GenomeGuard	65.441	476.7	20	22
HG02624	GenomeGuard	50.12	475.5	20	22
HG02625	GenomeGuard	51.653	476.1	20	22
HG02628	GenomeGuard	52.663	475.7	20	22
HG02629	GenomeGuard	72.825	475.9	20	22
HG02630	GenomeGuard	73.357	476.0	20	22
HG02634	GenomeGuard	60.458	475.7	20	22
HG02635	GenomeGuard	49.297	476.1	20	22
HG02636	GenomeGuard	49.629	476.6	20	22
HG02642	GenomeGuard	57.82	476.0	20	22
HG02643	GenomeGuard	60.215	476.8	20	22
HG02644	GenomeGuard	51.925	476.2	20	22
HG02645	GenomeGuard	49.703	476.4	20	22
HG02646	GenomeGuard	59.353	476.7	20	22
HG02647	GenomeGuard	56.415	476.6	20	22
HG02666	GenomeGuard	58.031	476.0	20	22
HG02667	GenomeGuard	60.19	476.6	20	22
HG02668	GenomeGuard	63.523	476.0	20	22
HG02675	GenomeGuard	62.598	476.2	20	22
HG02676	GenomeGuard	64.676	475.8	20	22
HG02677	GenomeGuard	60.926	476.5	20	22
HG02678	GenomeGuard	58.347	475.9	20	22
HG02679	GenomeGuard	58.003	476.5	20	22
HG02680	GenomeGuard	59.237	476.6	20	22
HG02702	GenomeGuard	57.772	476.5	20	22
HG02703	GenomeGuard	58.565	476.2	20	22
HG02704	GenomeGuard	57.92	476.3	20	22
HG02715	GenomeGuard	68.064	476.7	20	22
HG02716	GenomeGuard	68.924	476.0	20	22
HG02717	GenomeGuard	63.774	476.1	20	22
HG02721	GenomeGuard	69.215	476.0	20	22
HG02722	GenomeGuard	68.164	476.3	20	22
HG02723	GenomeGuard	74.563	475.4	20	22
HG02756	GenomeGuard	69.053	476.3	20	22
HG02757	GenomeGuard	67.888	477.1	20	22
HG02759	GenomeGuard	68.567	476.2	20	22
HG02760	GenomeGuard	65.581	476.6	20	22
HG02761	GenomeGuard	63.525	476.8	20	22
HG02762	GenomeGuard	56.172	477.3	20	22
HG02763	GenomeGuard	60.901	476.1	20	22
HG02764	GenomeGuard	53.394	475.6	20	22
HG02768	GenomeGuard	48.872	476.2	20	22
HG02769	GenomeGuard	45.949	476.3	20	22
HG02770	GenomeGuard	60.329	475.2	20	22
HG02771	GenomeGuard	72.31	476.5	20	22
HG02772	GenomeGuard	59.389	476.6	20	22
HG02773	GenomeGuard	52.208	477.0	20	22
HG02798	GenomeGuard	48.828	476.8	20	22
HG02799	GenomeGuard	51.616	475.6	20	22
HG02800	GenomeGuard	51.739	475.4	20	22
HG02804	GenomeGuard	60.978	476.9	20	22
HG02805	GenomeGuard	52.422	476.7	20	22
HG02806	GenomeGuard	51.073	476.3	20	22
HG02807	GenomeGuard	51.698	476.3	20	22
HG02808	GenomeGuard	60.25	478.0	20	22
HG02809	GenomeGuard	57.951	476.4	20	22
HG02810	GenomeGuard	56.284	476.1	20	22
HG02811	GenomeGuard	57.4	476.5	20	22
HG02812	GenomeGuard	63.741	477.0	20	22
HG02813	GenomeGuard	57.888	476.7	20	22
HG02814	GenomeGuard	61.568	476.4	20	22
HG02815	GenomeGuard	51.537	476.7	20	22
HG02816	GenomeGuard	55.601	476.9	20	22
HG02817	GenomeGuard	57.061	475.5	20	22
HG02818	GenomeGuard	63.968	477.3	20	22
HG02819	GenomeGuard	81.394	477.1	20	22
HG02820	GenomeGuard	66.992	476.0	20	22
HG02821	GenomeGuard	61.429	477.1	20	22
HG02836	GenomeGuard	56.644	476.9	20	22
HG02837	GenomeGuard	62.065	475.8	20	22
HG02838	GenomeGuard	58.48	476.7	20	22
HG02839	GenomeGuard	57.728	476.6	20	22
HG02840	GenomeGuard	62.012	476.1	20	22
HG02841	GenomeGuard	68.538	476.0	20	22
HG02851	GenomeGuard	62.858	476.2	20	22
HG02852	GenomeGuard	73.271	476.1	20	22
HG02853	GenomeGuard	63.152	476.6	20	22
HG02854	GenomeGuard	74.971	475.9	20	22
HG02855	GenomeGuard	67.134	475.7	20	22
HG02856	GenomeGuard	69.747	476.4	20	22
HG02860	GenomeGuard	60.158	476.0	20	22
HG02861	GenomeGuard	58.824	476.8	20	22
HG02862	GenomeGuard	58.15	476.9	20	22
HG02869	GenomeGuard	61.404	476.6	20	22
HG02870	GenomeGuard	64.123	476.0	20	22
HG02871	GenomeGuard	65.846	477.1	20	22
HG02878	GenomeGuard	65.414	476.4	20	22
HG02879	GenomeGuard	57.05	475.8	20	22
HG02880	GenomeGuard	61.206	476.4	20	22
HG02881	GenomeGuard	64.764	475.9	20	22
HG02882	GenomeGuard	65.165	476.3	20	22
HG02883	GenomeGuard	57.07	476.0	20	22
HG02884	GenomeGuard	60.233	476.5	20	22
HG02885	GenomeGuard	60.682	476.6	20	22
HG02886	GenomeGuard	61.435	477.3	20	22
HG02887	GenomeGuard	68.361	477.1	20	22
HG02888	GenomeGuard	67.402	476.7	20	22
HG02889	GenomeGuard	73.588	476.2	20	22
HG02890	GenomeGuard	72.138	476.5	20	22
HG02891	GenomeGuard	73.631	476.2	20	22
HG02892	GenomeGuard	61.86	476.0	20	22
HG02895	GenomeGuard	55.608	475.9	20	22
HG02896	GenomeGuard	56.759	475.8	20	22
HG02897	GenomeGuard	65.059	475.9	20	22
HG02922	GenomeGuard	75.088	476.1	20	22
HG02923	GenomeGuard	70.424	476.3	20	22
HG02924	GenomeGuard	68.259	475.8	20	22
HG02938	GenomeGuard	74.092	476.0	20	22
HG02941	GenomeGuard	74.057	476.4	20	22
HG02943	GenomeGuard	77.431	477.3	20	22
HG02944	GenomeGuard	75.249	477.7	20	22
HG02945	GenomeGuard	72.775	475.5	20	22
HG02946	GenomeGuard	51.916	475.9	20	22
HG02947	GenomeGuard	52.11	476.4	20	22
HG02948	GenomeGuard	68.777	475.5	20	22
HG02952	GenomeGuard	67.432	476.7	20	22
HG02953	GenomeGuard	57.084	476.6	20	22
HG02954	GenomeGuard	57.452	476.6	20	22
HG02964	GenomeGuard	49.035	475.9	20	22
HG02965	GenomeGuard	55.657	478.0	20	22
HG02966	GenomeGuard	56.103	476.6	20	22
HG02968	GenomeGuard	65.986	477.8	20	22
HG02970	GenomeGuard	61.783	476.2	20	22
HG02971	GenomeGuard	63.956	476.3	20	22
HG02972	GenomeGuard	50.607	476.1	20	22
HG02973	GenomeGuard	58.671	476.3	20	22
HG02974	GenomeGuard	61.665	476.9	20	22
HG02975	GenomeGuard	61.432	476.5	20	22
HG02976	GenomeGuard	64.144	475.8	20	22
HG02977	GenomeGuard	57.73	478.4	20	22
HG02978	GenomeGuard	59.256	475.5	20	22
HG02979	GenomeGuard	59.501	476.8	20	22
HG02980	GenomeGuard	56.023	475.8	20	22
HG02981	GenomeGuard	54.288	476.3	20	22
HG02982	GenomeGuard	62.04	475.9	20	22
HG02983	GenomeGuard	68.841	475.3	20	22
HG02984	GenomeGuard	53.751	475.9	20	22
HG03024	GenomeGuard	50.542	476.6	20	22
HG03025	GenomeGuard	71.066	476.2	20	22
HG03026	GenomeGuard	56.168	476.8	20	22
HG03027	GenomeGuard	48.769	475.9	20	22
HG03028	GenomeGuard	55.145	476.7	20	22
HG03029	GenomeGuard	56.94	477.1	20	22
HG03033	GenomeGuard	63.259	476.4	20	22
HG03034	GenomeGuard	63.964	475.7	20	22
HG03035	GenomeGuard	63.727	475.8	20	22
HG03039	GenomeGuard	72.258	476.9	20	22
HG03040	GenomeGuard	65.004	476.7	20	22
HG03041	GenomeGuard	54.781	477.4	20	22
HG03045	GenomeGuard	49.379	476.2	20	22
HG03046	GenomeGuard	56.336	476.8	20	22
HG03047	GenomeGuard	60.686	475.7	20	22
HG03048	GenomeGuard	57.409	476.7	20	22
HG03049	GenomeGuard	59.498	476.6	20	22
HG03050	GenomeGuard	57.184	476.3	20	22
HG03052	GenomeGuard	53.832	476.7	20	22
HG03054	GenomeGuard	59.24	477.0	20	22
HG03055	GenomeGuard	53.816	476.4	20	22
HG03056	GenomeGuard	57.585	477.2	20	22
HG03057	GenomeGuard	58.829	476.3	20	22
HG03058	GenomeGuard	61.599	476.0	20	22
HG03060	GenomeGuard	66.345	476.3	20	22
HG03061	GenomeGuard	67.632	476.6	20	22
HG03063	GenomeGuard	59.047	477.2	20	22
HG03064	GenomeGuard	52.944	476.2	20	22
HG03065	GenomeGuard	60.334	476.5	20	22
HG03066	GenomeGuard	59.866	476.4	20	22
HG03069	GenomeGuard	59.045	476.5	20	22
HG03072	GenomeGuard	55.581	476.7	20	22
HG03073	GenomeGuard	120.821	476.9	20	22
HG03074	GenomeGuard	68.124	476.4	20	22
HG03077	GenomeGuard	66.392	475.6	20	22
HG03078	GenomeGuard	57.794	477.3	20	22
HG03079	GenomeGuard	58.068	476.9	20	22
HG03081	GenomeGuard	59.559	477.1	20	22
HG03082	GenomeGuard	61.016	476.9	20	22
HG03084	GenomeGuard	56.668	476.5	20	22
HG03085	GenomeGuard	51.066	475.9	20	22
HG03086	GenomeGuard	58.771	476.2	20	22
HG03088	GenomeGuard	69.627	476.2	20	22
HG03091	GenomeGuard	72.525	476.1	20	22
HG03095	GenomeGuard	64.563	476.2	20	22
HG03096	GenomeGuard	69.705	475.9	20	22
HG03097	GenomeGuard	63.326	475.6	20	22
HG03098	GenomeGuard	56.047	476.6	20	22
HG03099	GenomeGuard	61.373	475.4	20	22
HG03100	GenomeGuard	66.192	475.8	20	22
HG03101	GenomeGuard	60.541	477.2	20	22
HG03103	GenomeGuard	48.093	476.8	20	22
HG03105	GenomeGuard	49.565	477.0	20	22
HG03108	GenomeGuard	48.161	476.2	20	22
HG03109	GenomeGuard	49.294	476.6	20	22
HG03110	GenomeGuard	51.855	476.6	20	22
HG03111	GenomeGuard	60.362	476.5	20	22
HG03112	GenomeGuard	60.244	475.9	20	22
HG03113	GenomeGuard	49.439	476.3	20	22
HG03114	GenomeGuard	55.624	477.8	20	22
HG03115	GenomeGuard	54.881	476.5	20	22
HG03116	GenomeGuard	57.461	476.2	20	22
HG03117	GenomeGuard	54.813	475.5	20	22
HG03118	GenomeGuard	59.011	476.2	20	22
HG03119	GenomeGuard	58.787	476.7	20	22
HG03120	GenomeGuard	63.026	475.9	20	22
HG03121	GenomeGuard	67.71	475.6	20	22
HG03122	GenomeGuard	66.947	477.4	20	22
HG03123	GenomeGuard	61.625	476.8	20	22
HG03124	GenomeGuard	55.297	477.0	20	22
HG03125	GenomeGuard	55.766	476.7	20	22
HG03126	GenomeGuard	59.701	475.7	20	22
HG03127	GenomeGuard	57.871	476.2	20	22
HG03128	GenomeGuard	52.398	476.3	20	22
HG03129	GenomeGuard	56.116	476.9	20	22
HG03130	GenomeGuard	57.297	476.6	20	22
HG03131	GenomeGuard	62.844	477.3	20	22
HG03132	GenomeGuard	73.999	475.6	20	22
HG03133	GenomeGuard	66.925	477.0	20	22
HG03134	GenomeGuard	70.026	476.7	20	22
HG03135	GenomeGuard	72.121	475.9	20	22
HG03136	GenomeGuard	56.961	476.6	20	22
HG03137	GenomeGuard	53.44	475.9	20	22
HG03139	GenomeGuard	58.804	476.1	20	22
HG03157	GenomeGuard	64.156	476.6	20	22
HG03159	GenomeGuard	56.5	476.5	20	22
HG03160	GenomeGuard	61.305	475.7	20	22
HG03161	GenomeGuard	64.33	476.6	20	22
HG03162	GenomeGuard	66.663	476.6	20	22
HG03163	GenomeGuard	66.528	477.3	20	22
HG03164	GenomeGuard	63.935	476.5	20	22
HG03166	GenomeGuard	72.561	477.3	20	22
HG03168	GenomeGuard	67.346	476.7	20	22
HG03169	GenomeGuard	69.058	475.9	20	22
HG03170	GenomeGuard	68.855	476.9	20	22
HG03172	GenomeGuard	67.041	477.7	20	22
HG03175	GenomeGuard	69.594	476.3	20	22
HG03189	GenomeGuard	78.953	475.7	20	22
HG03190	GenomeGuard	67.199	477.1	20	22
HG03191	GenomeGuard	61.44	477.7	20	22
HG03193	GenomeGuard	64.439	476.2	20	22
HG03195	GenomeGuard	58.326	476.3	20	22
HG03196	GenomeGuard	72.059	477.1	20	22
HG03197	GenomeGuard	70.085	476.0	20	22
HG03198	GenomeGuard	69.084	475.3	20	22
HG03199	GenomeGuard	67.988	476.4	20	22
HG03200	GenomeGuard	66.98	476.9	20	22
HG03202	GenomeGuard	65.163	476.2	20	22
HG03209	GenomeGuard	65.305	476.9	20	22
HG03212	GenomeGuard	69.656	475.9	20	22
HG03224	GenomeGuard	66.345	476.4	20	22
HG03225	GenomeGuard	66.201	476.3	20	22
HG03240	GenomeGuard	64.114	476.6	20	22
HG03241	GenomeGuard	59.854	476.0	20	22
HG03242	GenomeGuard	70.262	477.6	20	22
HG03246	GenomeGuard	63.752	475.6	20	22
HG03247	GenomeGuard	62.747	477.7	20	22
HG03248	GenomeGuard	65.782	476.4	20	22
HG03249	GenomeGuard	69.83	477.5	20	22
HG03250	GenomeGuard	74.191	476.2	20	22
HG03251	GenomeGuard	73.523	475.7	20	22
HG03258	GenomeGuard	60.908	475.8	20	22
HG03259	GenomeGuard	62.894	475.9	20	22
HG03260	GenomeGuard	63.026	475.7	20	22
HG03265	GenomeGuard	59.389	476.8	20	22
HG03267	GenomeGuard	66.46	476.8	20	22
HG03268	GenomeGuard	65.726	477.5	20	22
HG03269	GenomeGuard	58.362	476.7	20	22
HG03270	GenomeGuard	62.019	475.9	20	22
HG03271	GenomeGuard	65.68	476.9	20	22
HG03272	GenomeGuard	64.154	477.4	20	22
HG03279	GenomeGuard	63.891	476.8	20	22
HG03280	GenomeGuard	64.913	475.4	20	22
HG03291	GenomeGuard	70.71	476.0	20	22
HG03294	GenomeGuard	69.072	476.8	20	22
HG03295	GenomeGuard	63.529	475.7	20	22
HG03296	GenomeGuard	66.803	477.0	20	22
HG03297	GenomeGuard	71.148	475.5	20	22
HG03298	GenomeGuard	68.758	476.6	20	22
HG03299	GenomeGuard	66.622	476.8	20	22
HG03300	GenomeGuard	66.853	476.2	20	22
HG03301	GenomeGuard	69.43	476.7	20	22
HG03302	GenomeGuard	87.293	476.8	20	22
HG03303	GenomeGuard	60.52	475.8	20	22
HG03304	GenomeGuard	61.529	477.4	20	22
HG03305	GenomeGuard	66.773	476.1	20	22
HG03306	GenomeGuard	61.894	476.7	20	22
HG03307	GenomeGuard	63.847	477.3	20	22
HG03308	GenomeGuard	60.998	476.3	20	22
HG03309	GenomeGuard	66.085	476.2	20	22
HG03310	GenomeGuard	67.848	476.8	20	22
HG03311	GenomeGuard	68.205	476.0	20	22
HG03312	GenomeGuard	63.93	476.0	20	22
HG03313	GenomeGuard	65.009	475.7	20	22
HG03314	GenomeGuard	70.559	476.2	20	22
HG03342	GenomeGuard	69.524	475.9	20	22
HG03343	GenomeGuard	71.821	477.3	20	22
HG03344	GenomeGuard	62.525	475.6	20	22
HG03350	GenomeGuard	54.139	477.7	20	22
HG03351	GenomeGuard	67.335	476.5	20	22
HG03352	GenomeGuard	67.57	476.1	20	22
HG03354	GenomeGuard	67.862	478.1	20	22
HG03363	GenomeGuard	63.712	475.6	20	22
HG03366	GenomeGuard	57.687	475.9	20	22
HG03367	GenomeGuard	66.162	476.5	20	22
HG03368	GenomeGuard	67.132	475.7	20	22
HG03369	GenomeGuard	68.445	476.7	20	22
HG03370	GenomeGuard	61.203	475.8	20	22
HG03371	GenomeGuard	66.898	476.3	20	22
HG03372	GenomeGuard	64.799	475.6	20	22
HG03373	GenomeGuard	67.775	475.5	20	22
HG03374	GenomeGuard	65.242	476.5	20	22
HG03376	GenomeGuard	68.894	476.2	20	22
HG03378	GenomeGuard	68.424	475.5	20	22
HG03380	GenomeGuard	59.91	477.3	20	22
HG03382	GenomeGuard	66.557	476.5	20	22
HG03385	GenomeGuard	62.216	476.2	20	22
HG03388	GenomeGuard	67.902	476.9	20	22
HG03391	GenomeGuard	74.001	476.1	20	22
HG03394	GenomeGuard	72.202	475.8	20	22
HG03397	GenomeGuard	69.265	476.5	20	22
HG03401	GenomeGuard	65.843	475.7	20	22
HG03410	GenomeGuard	68.556	475.4	20	22
HG03419	GenomeGuard	67.009	475.9	20	22
HG03428	GenomeGuard	64.707	476.4	20	22
HG03432	GenomeGuard	64.184	476.4	20	22
HG03433	GenomeGuard	66.652	476.7	20	22
HG03436	GenomeGuard	64.549	476.1	20	22
HG03437	GenomeGuard	62.737	476.8	20	22
HG03438	GenomeGuard	62.092	476.6	20	22
HG03439	GenomeGuard	64.005	475.6	20	22
HG03442	GenomeGuard	62.0	476.4	20	22
HG03445	GenomeGuard	64.642	476.2	20	22
HG03446	GenomeGuard	67.073	475.5	20	22
HG03449	GenomeGuard	72.95	475.9	20	22
HG03451	GenomeGuard	64.451	476.4	20	22
HG03452	GenomeGuard	50.084	475.8	20	22
HG03453	GenomeGuard	54.546	475.9	20	22
HG03454	GenomeGuard	53.407	475.4	20	22
HG03455	GenomeGuard	65.713	475.9	20	22
HG03456	GenomeGuard	69.034	475.5	20	22
HG03457	GenomeGuard	64.983	476.6	20	22
HG03458	GenomeGuard	62.949	476.3	20	22
HG03460	GenomeGuard	71.661	476.3	20	22
HG03461	GenomeGuard	68.296	476.4	20	22
HG03464	GenomeGuard	66.524	476.9	20	22
HG03469	GenomeGuard	68.509	476.2	20	22
HG03470	GenomeGuard	64.741	476.0	20	22
HG03472	GenomeGuard	65.334	475.7	20	22
HG03473	GenomeGuard	69.905	477.3	20	22
HG03476	GenomeGuard	66.826	476.2	20	22
HG03478	GenomeGuard	61.099	475.6	20	22
HG03479	GenomeGuard	73.292	476.7	20	22
HG03480	GenomeGuard	72.492	475.8	20	22
HG03484	GenomeGuard	68.686	475.2	20	22
HG03485	GenomeGuard	72.375	476.7	20	22
HG03486	GenomeGuard	69.32	476.2	20	22
HG03499	GenomeGuard	67.918	476.6	20	22
HG03511	GenomeGuard	70.365	476.4	20	22
HG03514	GenomeGuard	91.31	476.2	20	22
HG03515	GenomeGuard	94.972	475.7	20	22
HG03516	GenomeGuard	91.088	476.3	20	22
HG03517	GenomeGuard	72.067	476.9	20	22
HG03518	GenomeGuard	60.859	476.5	20	22
HG03519	GenomeGuard	71.446	475.7	20	22
HG03520	GenomeGuard	68.394	475.7	20	22
HG03521	GenomeGuard	71.987	475.2	20	22
HG03522	GenomeGuard	68.184	476.6	20	22
HG03538	GenomeGuard	63.678	476.4	20	22
HG03539	GenomeGuard	66.395	476.6	20	22
HG03540	GenomeGuard	70.094	477.6	20	22
HG03547	GenomeGuard	83.843	476.9	20	22
HG03548	GenomeGuard	51.237	475.9	20	22
HG03556	GenomeGuard	61.74	476.6	20	22
HG03557	GenomeGuard	71.817	475.4	20	22
HG03558	GenomeGuard	68.854	475.7	20	22
HG03559	GenomeGuard	75.458	475.9	20	22
HG03563	GenomeGuard	75.763	476.0	20	22
HG03565	GenomeGuard	60.484	475.6	20	22
HG03567	GenomeGuard	68.83	476.0	20	22
HG03571	GenomeGuard	67.43	475.7	20	22
HG03572	GenomeGuard	68.099	476.8	20	22
HG03574	GenomeGuard	59.45	476.3	20	22
HG03575	GenomeGuard	57.248	476.3	20	22
HG03576	GenomeGuard	51.02	475.2	20	22
HG03577	GenomeGuard	65.045	477.4	20	22
HG03578	GenomeGuard	63.913	476.2	20	22
HG03579	GenomeGuard	71.208	476.8	20	22
HG03582	GenomeGuard	74.422	475.7	20	22
HG03583	GenomeGuard	74.701	476.5	20	22
HG03584	GenomeGuard	66.73	475.4	20	22
NA06984	GenomeGuard	73.176	476.2	20	22
NA06985	GenomeGuard	74.446	476.4	20	22
NA06986	GenomeGuard	73.849	476.1	20	22
NA06989	GenomeGuard	71.624	476.4	20	22
NA06991	GenomeGuard	70.614	475.7	20	22
NA06993	GenomeGuard	74.155	476.1	20	22
NA06994	GenomeGuard	69.831	475.6	20	22
NA06995	GenomeGuard	80.789	477.2	20	22
NA06997	GenomeGuard	72.286	476.7	20	22
NA07000	GenomeGuard	53.24	475.2	20	22
NA07014	GenomeGuard	56.081	477.4	20	22
NA07019	GenomeGuard	58.622	476.6	20	22
NA07022	GenomeGuard	50.861	476.0	20	22
NA07029	GenomeGuard	64.846	475.6	20	22
NA07031	GenomeGuard	60.76	476.2	20	22
NA07034	GenomeGuard	60.425	476.2	20	22
NA07037	GenomeGuard	66.132	477.1	20	22
NA07045	GenomeGuard	61.128	475.9	20	22
NA07048	GenomeGuard	64.912	476.4	20	22
NA07051	GenomeGuard	69.28	475.5	20	22
NA07055	GenomeGuard	71.223	475.9	20	22
NA07056	GenomeGuard	69.157	476.5	20	22
NA07345	GenomeGuard	74.487	475.3	20	22
NA07346	GenomeGuard	76.198	476.5	20	22
NA07347	GenomeGuard	75.287	475.6	20	22
NA07348	GenomeGuard	78.487	476.5	20	22
NA07349	GenomeGuard	78.918	476.0	20	22
NA07357	GenomeGuard	73.189	476.7	20	22
NA07435	GenomeGuard	65.469	475.6	20	22
NA10830	GenomeGuard	67.78	476.0	20	22
NA10831	GenomeGuard	70.457	476.3	20	22
NA10835	GenomeGuard	78.594	476.3	20	22
NA10836	GenomeGuard	68.426	475.9	20	22
NA10837	GenomeGuard	62.797	476.7	20	22
NA10838	GenomeGuard	67.662	477.2	20	22
NA10839	GenomeGuard	72.171	475.7	20	22
NA10840	GenomeGuard	68.06	475.3	20	22
NA10842	GenomeGuard	63.632	475.7	20	22
NA10843	GenomeGuard	67.864	475.7	20	22
NA10845	GenomeGuard	69.511	475.7	20	22
NA10846	GenomeGuard	64.993	475.9	20	22
NA10847	GenomeGuard	65.677	475.9	20	22
NA10851	GenomeGuard	67.291	476.5	20	22
NA10852	GenomeGuard	68.93	476.2	20	22
NA10854	GenomeGuard	64.416	475.4	20	22
NA10855	GenomeGuard	71.165	476.9	20	22
NA10856	GenomeGuard	69.253	475.8	20	22
NA10857	GenomeGuard	56.328	475.9	20	22
NA10859	GenomeGuard	60.861	476.5	20	22
NA10860	GenomeGuard	72.357	475.9	20	22
NA10861	GenomeGuard	68.912	476.4	20	22
NA10863	GenomeGuard	71.059	475.8	20	22
NA10864	GenomeGuard	69.605	475.2	20	22
NA10865	GenomeGuard	70.4	476.4	20	22
NA11829	GenomeGuard	69.527	476.3	20	22
NA11830	GenomeGuard	68.46	475.5	20	22
NA11831	GenomeGuard	55.335	476.0	20	22
NA11832	GenomeGuard	68.338	477.4	20	22
NA11839	GenomeGuard	58.028	476.0	20	22
NA11840	GenomeGuard	56.392	476.2	20	22
NA11843	GenomeGuard	51.645	476.2	20	22
NA11881	GenomeGuard	49.76	476.5	20	22
NA11882	GenomeGuard	54.705	475.4	20	22
NA11891	GenomeGuard	60.858	475.6	20	22
NA11892	GenomeGuard	73.94	476.0	20	22
NA11893	GenomeGuard	75.726	476.4	20	22
NA11894	GenomeGuard	72.254	475.4	20	22
NA11917	GenomeGuard	68.965	476.5	20	22
NA11918	GenomeGuard	66.493	477.3	20	22
NA11919	GenomeGuard	64.592	477.1	20	22
NA11920	GenomeGuard	53.447	475.9	20	22
NA11930	GenomeGuard	59.166	476.7	20	22
NA11931	GenomeGuard	56.814	477.3	20	22
NA11932	GenomeGuard	52.473	476.7	20	22
NA11933	GenomeGuard	59.437	476.5	20	22
NA11992	GenomeGuard	66.148	477.2	20	22
NA11993	GenomeGuard	65.97	475.3	20	22
NA11994	GenomeGuard	66.034	477.0	20	22
NA11995	GenomeGuard	63.244	476.3	20	22
NA12003	GenomeGuard	64.822	476.4	20	22
NA12004	GenomeGuard	57.803	475.3	20	22
NA12005	GenomeGuard	65.879	476.7	20	22
NA12006	GenomeGuard	67.464	475.5	20	22
NA12043	GenomeGuard	65.028	475.5	20	22
NA12044	GenomeGuard	75.862	477.3	20	22
NA12045	GenomeGuard	67.374	475.7	20	22
NA12046	GenomeGuard	61.19	475.3	20	22
NA12056	GenomeGuard	62.357	475.9	20	22
NA12057	GenomeGuard	62.298	475.3	20	22
NA12058	GenomeGuard	63.579	476.2	20	22
NA12144	GenomeGuard	57.159	476.7	20	22
NA12145	GenomeGuard	61.364	475.8	20	22
NA12146	GenomeGuard	65.257	476.6	20	22
NA12154	GenomeGuard	71.441	476.3	20	22
NA12155	GenomeGuard	71.099	476.0	20	22
NA12156	GenomeGuard	62.112	475.2	20	22
NA12234	GenomeGuard	59.163	476.2	20	22
NA12236	GenomeGuard	58.019	476.3	20	22
NA12239	GenomeGuard	53.35	476.0	20	22
NA12248	GenomeGuard	52.921	477.2	20	22
NA12249	GenomeGuard	67.752	476.2	20	22
NA12264	GenomeGuard	73.161	475.5	20	22
NA12272	GenomeGuard	75.178	475.4	20	22
NA12273	GenomeGuard	67.059	476.4	20	22
NA12274	GenomeGuard	58.148	476.2	20	22
NA12275	GenomeGuard	67.222	475.6	20	22
NA12282	GenomeGuard	67.43	476.2	20	22
NA12283	GenomeGuard	66.232	476.4	20	22
NA12286	GenomeGuard	60.967	476.4	20	22
NA12287	GenomeGuard	49.426	475.7	20	22
NA12329	GenomeGuard	57.979	476.2	20	22
NA12335	GenomeGuard	68.746	475.9	20	22
NA12336	GenomeGuard	65.424	476.9	20	22
NA12340	GenomeGuard	69.209	475.7	20	22
NA12341	GenomeGuard	63.72	476.1	20	22
NA12342	GenomeGuard	67.765	476.4	20	22
NA12343	GenomeGuard	70.357	476.1	20	22
NA12344	GenomeGuard	67.132	477.3	20	22
NA12347	GenomeGuard	62.353	476.5	20	22
NA12348	GenomeGuard	71.166	476.2	20	22
NA12376	GenomeGuard	72.811	476.2	20	22
NA12383	GenomeGuard	71.557	475.9	20	22
NA12386	GenomeGuard	66.871	476.1	20	22
NA12399	GenomeGuard	68.508	475.4	20	22
NA12400	GenomeGuard	66.435	476.2	20	22
NA12413	GenomeGuard	66.718	476.6	20	22
NA12414	GenomeGuard	67.391	476.0	20	22
NA12485	GenomeGuard	68.547	475.7	20	22
NA12489	GenomeGuard	69.242	476.6	20	22
NA12546	GenomeGuard	68.781	476.9	20	22
NA12707	GenomeGuard	72.814	477.3	20	22
NA12716	GenomeGuard	65.287	476.5	20	22
NA12717	GenomeGuard	58.153	475.7	20	22
NA12718	GenomeGuard	57.041	476.1	20	22
NA12739	GenomeGuard	50.222	476.8	20	22
NA12740	GenomeGuard	71.626	476.5	20	22
NA12748	GenomeGuard	73.117	477.4	20	22
NA12749	GenomeGuard	68.673	476.9	20	22
NA12750	GenomeGuard	71.937	476.4	20	22
NA12751	GenomeGuard	65.323	477.2	20	22
NA12752	GenomeGuard	53.413	476.1	20	22
NA12753	GenomeGuard	50.897	476.5	20	22
NA12760	GenomeGuard	57.571	476.5	20	22
NA12761	GenomeGuard	60.485	476.2	20	22
NA12762	GenomeGuard	54.549	477.1	20	22
NA12763	GenomeGuard	57.243	477.3	20	22
NA12766	GenomeGuard	55.574	477.2	20	22
NA12767	GenomeGuard	55.556	475.6	20	22
NA12775	GenomeGuard	61.812	476.2	20	22
NA12776	GenomeGuard	63.069	475.9	20	22
NA12777	GenomeGuard	66.083	476.7	20	22
NA12778	GenomeGuard	58.734	476.1	20	22
NA12801	GenomeGuard	66.878	476.7	20	22
NA12802	GenomeGuard	55.533	476.3	20	22
NA12812	GenomeGuard	68.655	476.5	20	22
NA12813	GenomeGuard	72.034	476.9	20	22
NA12814	GenomeGuard	48.337	476.3	20	22
NA12815	GenomeGuard	58.899	476.6	20	22
NA12817	GenomeGuard	62.93	475.4	20	22
NA12818	GenomeGuard	61.233	476.0	20	22
NA12827	GenomeGuard	61.577	476.1	20	22
NA12828	GenomeGuard	59.909	475.4	20	22
NA12829	GenomeGuard	72.03	475.7	20	22
NA12830	GenomeGuard	64.977	475.9	20	22
NA12832	GenomeGuard	64.328	475.7	20	22
NA12842	GenomeGuard	62.416	476.1	20	22
NA12843	GenomeGuard	60.375	476.8	20	22
NA12864	GenomeGuard	61.487	475.9	20	22
NA12865	GenomeGuard	56.729	477.7	20	22
NA12872	GenomeGuard	61.652	475.8	20	22
NA12873	GenomeGuard	62.48	477.7	20	22
NA12874	GenomeGuard	73.213	477.3	20	22
NA12875	GenomeGuard	72.823	476.3	20	22
NA12877	GenomeGuard	65.444	476.4	20	22
NA12878	GenomeGuard	72.499	476.7	20	22
NA12889	GenomeGuard	66.335	475.8	20	22
NA12890	GenomeGuard	62.736	476.2	20	22
NA12891	GenomeGuard	63.673	476.8	20	22
NA12892	GenomeGuard	59.159	476.2	20	22
NA18484	GenomeGuard	58.648	475.6	20	22
NA18485	GenomeGuard	59.265	476.2	20	22
NA18486	GenomeGuard	64.518	476.7	20	22
NA18487	GenomeGuard	68.437	476.2	20	22
NA18488	GenomeGuard	64.33	475.8	20	22
NA18489	GenomeGuard	66.832	475.6	20	22
NA18497	GenomeGuard	61.576	476.7	20	22
NA18498	GenomeGuard	54.991	476.3	20	22
NA18499	GenomeGuard	53.751	476.2	20	22
NA18500	GenomeGuard	61.484	477.3	20	22
NA18501	GenomeGuard	71.802	476.0	20	22
NA18502	GenomeGuard	64.12	476.8	20	22
NA18503	GenomeGuard	56.855	475.3	20	22
NA18504	GenomeGuard	58.432	477.5	20	22
NA18505	GenomeGuard	64.374	477.4	20	22
NA18506	GenomeGuard	56.203	477.1	20	22
NA18507	GenomeGuard	66.928	477.2	20	22
NA18508	GenomeGuard	57.434	475.9	20	22
NA18510	GenomeGuard	64.69	476.7	20	22
NA18511	GenomeGuard	60.956	476.3	20	22
NA18515	GenomeGuard	64.902	475.4	20	22
NA18516	GenomeGuard	71.519	475.8	20	22
NA18517	GenomeGuard	67.675	476.7	20	22
NA18518	GenomeGuard	62.05	475.5	20	22
NA18519	GenomeGuard	58.634	476.6	20	22
NA18520	GenomeGuard	59.099	476.2	20	22
NA18521	GenomeGuard	69.278	476.1	20	22
NA18522	GenomeGuard	76.713	475.6	20	22
NA18523	GenomeGuard	72.703	476.5	20	22
NA18525	GenomeGuard	70.862	476.0	20	22
NA18526	GenomeGuard	56.667	477.7	20	22
NA18528	GenomeGuard	59.597	475.7	20	22
NA18530	GenomeGuard	63.859	476.8	20	22
NA18531	GenomeGuard	59.84	476.5	20	22
NA18532	GenomeGuard	63.308	476.3	20	22
NA18533	GenomeGuard	59.762	475.8	20	22
NA18534	GenomeGuard	52.477	476.1	20	22
NA18535	GenomeGuard	50.092	475.3	20	22
NA18536	GenomeGuard	52.674	476.6	20	22
NA18537	GenomeGuard	47.497	476.9	20	22
NA18538	GenomeGuard	49.915	477.0	20	22
NA18539	GenomeGuard	56.089	475.2	20	22
NA18541	GenomeGuard	55.26	475.7	20	22
NA18542	GenomeGuard	55.549	477.1	20	22
NA18543	GenomeGuard	65.967	476.4	20	22
NA18544	GenomeGuard	61.631	477.1	20	22
NA18545	GenomeGuard	62.925	475.6	20	22
NA18546	GenomeGuard	63.151	476.3	20	22
NA18547	GenomeGuard	59.663	476.1	20	22
NA18548	GenomeGuard	60.997	476.0	20	22
NA18549	GenomeGuard	59.116	475.3	20	22
NA18550	GenomeGuard	55.367	476.5	20	22
NA18552	GenomeGuard	61.508	477.3	20	22
NA18553	GenomeGuard	65.273	477.0	20	22
NA18555	GenomeGuard	63.842	476.7	20	22
NA18557	GenomeGuard	59.233	475.7	20	22
NA18558	GenomeGuard	60.351	475.9	20	22
NA18559	GenomeGuard	59.419	476.3	20	22
NA18560	GenomeGuard	61.751	476.7	20	22
NA18561	GenomeGuard	60.285	475.5	20	22
NA18562	GenomeGuard	59.242	476.5	20	22
NA18563	GenomeGuard	69.213	476.4	20	22
NA18564	GenomeGuard	73.128	475.8	20	22
NA18565	GenomeGuard	51.689	476.8	20	22
NA18566	GenomeGuard	70.96	476.7	20	22
NA18567	GenomeGuard	67.703	476.7	20	22
NA18570	GenomeGuard	61.664	477.0	20	22
NA18571	GenomeGuard	62.908	475.6	20	22
NA18572	GenomeGuard	59.25	475.9	20	22
NA18573	GenomeGuard	58.749	476.2	20	22
NA18574	GenomeGuard	59.015	476.4	20	22
NA18577	GenomeGuard	56.775	475.7	20	22
NA18579	GenomeGuard	59.63	475.9	20	22
NA18582	GenomeGuard	60.113	476.2	20	22
NA18591	GenomeGuard	70.454	476.5	20	22
NA18592	GenomeGuard	62.741	476.4	20	22
NA18593	GenomeGuard	63.845	475.8	20	22
NA18595	GenomeGuard	62.927	476.3	20	22
NA18596	GenomeGuard	61.398	475.9	20	22
NA18597	GenomeGuard	60.947	476.3	20	22
NA18599	GenomeGuard	60.97	476.3	20	22
NA18602	GenomeGuard	62.126	476.0	20	22
NA18603	GenomeGuard	50.447	476.5	20	22
NA18605	GenomeGuard	60.691	476.2	20	22
NA18606	GenomeGuard	55.891	477.5	20	22
NA18608	GenomeGuard	55.111	476.9	20	22
NA18609	GenomeGuard	55.728	475.5	20	22
NA18610	GenomeGuard	63.693	475.9	20	22
NA18611	GenomeGuard	66.34	476.7	20	22
NA18612	GenomeGuard	63.215	476.4	20	22
NA18613	GenomeGuard	65.971	475.6	20	22
NA18614	GenomeGuard	64.813	476.1	20	22
NA18615	GenomeGuard	63.807	477.0	20	22
NA18616	GenomeGuard	62.506	476.7	20	22
NA18617	GenomeGuard	78.447	476.5	20	22
NA18618	GenomeGuard	72.915	476.4	20	22
NA18619	GenomeGuard	71.835	477.8	20	22
NA18620	GenomeGuard	50.717	475.7	20	22
NA18621	GenomeGuard	48.723	476.7	20	22
NA18622	GenomeGuard	50.334	475.9	20	22
NA18623	GenomeGuard	86.227	477.7	20	22
NA18624	GenomeGuard	56.935	475.5	20	22
NA18625	GenomeGuard	47.438	475.9	20	22
NA18626	GenomeGuard	47.49	476.2	20	22
NA18627	GenomeGuard	51.509	476.1	20	22
NA18628	GenomeGuard	62.479	476.3	20	22
NA18629	GenomeGuard	65.664	475.7	20	22
NA18630	GenomeGuard	66.911	476.7	20	22
NA18631	GenomeGuard	65.9	476.1	20	22
NA18632	GenomeGuard	73.266	476.5	20	22
NA18633	GenomeGuard	73.685	476.1	20	22
NA18634	GenomeGuard	70.193	476.2	20	22
NA18635	GenomeGuard	65.565	476.1	20	22
NA18636	GenomeGuard	63.128	475.9	20	22
NA18637	GenomeGuard	65.626	477.6	20	22
NA18638	GenomeGuard	67.004	475.3	20	22
NA18639	GenomeGuard	66.233	476.3	20	22
NA18640	GenomeGuard	68.812	476.6	20	22
NA18641	GenomeGuard	69.669	476.5	20	22
NA18642	GenomeGuard	66.62	476.0	20	22
NA18643	GenomeGuard	57.821	476.6	20	22
NA18644	GenomeGuard	61.91	476.1	20	22
NA18645	GenomeGuard	67.04	475.8	20	22
NA18646	GenomeGuard	68.345	475.8	20	22
NA18647	GenomeGuard	66.708	475.9	20	22
NA18648	GenomeGuard	68.568	475.8	20	22
NA18740	GenomeGuard	69.215	476.3	20	22
NA18745	GenomeGuard	70.913	477.1	20	22
NA18747	GenomeGuard	70.683	476.9	20	22
NA18748	GenomeGuard	61.627	476.5	20	22
NA18749	GenomeGuard	65.68	476.4	20	22
NA18757	GenomeGuard	62.486	475.6	20	22
NA18852	GenomeGuard	67.465	475.4	20	22
NA18853	GenomeGuard	76.724	475.8	20	22
NA18854	GenomeGuard	77.089	476.2	20	22
NA18855	GenomeGuard	54.234	476.6	20	22
NA18856	GenomeGuard	73.121	475.9	20	22
NA18857	GenomeGuard	81.179	475.3	20	22
NA18858	GenomeGuard	76.671	476.3	20	22
NA18859	GenomeGuard	65.295	477.1	20	22
NA18860	GenomeGuard	66.64	475.8	20	22
NA18861	GenomeGuard	60.688	475.5	20	22
NA18862	GenomeGuard	66.078	476.4	20	22
NA18863	GenomeGuard	68.48	476.9	20	22
NA18864	GenomeGuard	64.842	475.9	20	22
NA18865	GenomeGuard	73.796	477.4	20	22
NA18867	GenomeGuard	73.37	475.8	20	22
NA18868	GenomeGuard	70.349	476.5	20	22
NA18869	GenomeGuard	73.27	476.5	20	22
NA18870	GenomeGuard	67.849	477.0	20	22
NA18871	GenomeGuard	74.153	475.9	20	22
NA18872	GenomeGuard	73.605	475.9	20	22
NA18873	GenomeGuard	73.536	476.5	20	22
NA18874	GenomeGuard	69.393	476.5	20	22
NA18875	GenomeGuard	71.809	476.0	20	22
NA18876	GenomeGuard	69.697	476.8	20	22
NA18877	GenomeGuard	67.944	475.9	20	22
NA18878	GenomeGuard	71.003	476.0	20	22
NA18879	GenomeGuard	66.704	476.8	20	22
NA18881	GenomeGuard	66.7	475.8	20	22
NA18906	GenomeGuard	65.788	476.0	20	22
NA18907	GenomeGuard	66.514	476.3	20	22
NA18908	GenomeGuard	68.195	476.2	20	22
NA18909	GenomeGuard	66.552	476.4	20	22
NA18910	GenomeGuard	68.133	475.6	20	22
NA18911	GenomeGuard	67.434	476.9	20	22
NA18912	GenomeGuard	64.34	476.3	20	22
NA18913	GenomeGuard	62.809	477.2	20	22
NA18914	GenomeGuard	65.094	476.8	20	22
NA18915	GenomeGuard	65.529	476.4	20	22
NA18916	GenomeGuard	58.054	475.4	20	22
NA18917	GenomeGuard	64.13	477.9	20	22
NA18923	GenomeGuard	71.16	477.5	20	22
NA18924	GenomeGuard	76.637	475.7	20	22
NA18925	GenomeGuard	67.201	476.5	20	22
NA18930	GenomeGuard	59.403	476.9	20	22
NA18933	GenomeGuard	53.4	476.1	20	22
NA18934	GenomeGuard	53.543	476.8	20	22
NA18935	GenomeGuard	58.916	476.1	20	22
NA18939	GenomeGuard	71.909	475.5	20	22
NA18940	GenomeGuard	72.921	475.7	20	22
NA18941	GenomeGuard	76.133	476.8	20	22
NA18942	GenomeGuard	61.828	476.3	20	22
NA18943	GenomeGuard	54.477	476.7	20	22
NA18944	GenomeGuard	57.239	476.5	20	22
NA18945	GenomeGuard	72.771	475.8	20	22
NA18946	GenomeGuard	73.096	476.7	20	22
NA18947	GenomeGuard	72.714	475.3	20	22
NA18948	GenomeGuard	72.429	475.6	20	22
NA18949	GenomeGuard	72.764	475.8	20	22
NA18950	GenomeGuard	74.174	476.7	20	22
NA18951	GenomeGuard	75.034	476.3	20	22
NA18952	GenomeGuard	72.35	476.7	20	22
NA18953	GenomeGuard	77.511	476.4	20	22
NA18954	GenomeGuard	65.721	475.9	20	22
NA18956	GenomeGuard	55.852	475.5	20	22
NA18957	GenomeGuard	56.105	476.4	20	22
NA18959	GenomeGuard	70.571	476.4	20	22
NA18960	GenomeGuard	74.476	476.9	20	22
NA18961	GenomeGuard	68.132	475.7	20	22
NA18962	GenomeGuard	71.846	476.9	20	22
NA18963	GenomeGuard	73.944	476.1	20	22
NA18964	GenomeGuard	74.168	476.8	20	22
NA18965	GenomeGuard	76.482	477.1	20	22
NA18966	GenomeGuard	73.664	477.0	20	22
NA18967	GenomeGuard	74.349	476.5	20	22
NA18968	GenomeGuard	56.834	476.7	20	22
NA18969	GenomeGuard	67.066	475.8	20	22
NA18970	GenomeGuard	71.776	476.6	20	22
NA18971	GenomeGuard	67.118	476.0	20	22
NA18972	GenomeGuard	71.58	475.6	20	22
NA18973	GenomeGuard	72.932	476.7	20	22
NA18974	GenomeGuard	69.114	476.6	20	22
NA18975	GenomeGuard	58.405	476.4	20	22
NA18976	GenomeGuard	67.729	475.8	20	22
NA18977	GenomeGuard	52.987	476.0	20	22
NA18978	GenomeGuard	50.653	477.1	20	22
NA18979	GenomeGuard	51.974	476.5	20	22
NA18980	GenomeGuard	65.356	476.2	20	22
NA18981	GenomeGuard	70.206	476.7	20	22
NA18982	GenomeGuard	74.908	476.2	20	22
NA18983	GenomeGuard	58.864	475.7	20	22
NA18984	GenomeGuard	54.604	475.5	20	22
NA18985	GenomeGuard	52.889	477.0	20	22
NA18986	GenomeGuard	55.007	476.8	20	22
NA18987	GenomeGuard	54.451	477.0	20	22
NA18988	GenomeGuard	67.92	477.7	20	22
NA18989	GenomeGuard	65.403	477.1	20	22
NA18990	GenomeGuard	66.434	476.6	20	22
NA18991	GenomeGuard	64.773	476.3	20	22
NA18992	GenomeGuard	71.77	475.9	20	22
NA18993	GenomeGuard	73.733	476.4	20	22
NA18994	GenomeGuard	76.081	477.1	20	22
NA18995	GenomeGuard	61.794	476.7	20	22
NA18997	GenomeGuard	67.745	476.9	20	22
NA18998	GenomeGuard	73.224	476.3	20	22
NA18999	GenomeGuard	73.526	476.6	20	22
NA19000	GenomeGuard	77.997	476.0	20	22
NA19001	GenomeGuard	74.178	477.0	20	22
NA19002	GenomeGuard	71.934	476.2	20	22
NA19003	GenomeGuard	75.136	476.0	20	22
NA19004	GenomeGuard	71.06	475.8	20	22
NA19005	GenomeGuard	68.975	475.9	20	22
NA19006	GenomeGuard	65.522	476.1	20	22
NA19007	GenomeGuard	63.684	476.2	20	22
NA19009	GenomeGuard	62.768	475.8	20	22
NA19010	GenomeGuard	69.255	476.6	20	22
NA19011	GenomeGuard	67.968	475.6	20	22
NA19012	GenomeGuard	72.915	477.1	20	22
NA19017	GenomeGuard	70.71	476.9	20	22
NA19019	GenomeGuard	72.286	476.9	20	22
NA19020	GenomeGuard	72.488	475.4	20	22
NA19023	GenomeGuard	68.458	476.4	20	22
NA19024	GenomeGuard	68.38	476.0	20	22
NA19025	GenomeGuard	69.9	476.6	20	22
NA19026	GenomeGuard	61.99	475.7	20	22
NA19027	GenomeGuard	53.133	477.3	20	22
NA19028	GenomeGuard	66.143	476.4	20	22
NA19030	GenomeGuard	66.41	475.8	20	22
NA19031	GenomeGuard	58.699	475.9	20	22
NA19035	GenomeGuard	66.437	476.6	20	22
NA19036	GenomeGuard	75.225	475.8	20	22
NA19037	GenomeGuard	75.973	475.2	20	22
NA19038	GenomeGuard	68.783	475.7	20	22
NA19041	GenomeGuard	64.836	476.6	20	22
NA19042	GenomeGuard	64.284	477.1	20	22
NA19043	GenomeGuard	67.602	476.5	20	22
NA19054	GenomeGuard	65.818	476.3	20	22
NA19055	GenomeGuard	64.388	476.1	20	22
NA19056	GenomeGuard	68.231	476.1	20	22
NA19057	GenomeGuard	59.858	477.5	20	22
NA19058	GenomeGuard	71.115	476.5	20	22
NA19059	GenomeGuard	64.058	477.0	20	22
NA19060	GenomeGuard	67.703	476.6	20	22
NA19062	GenomeGuard	69.721	476.7	20	22
NA19063	GenomeGuard	69.823	476.0	20	22
NA19064	GenomeGuard	71.017	475.6	20	22
NA19065	GenomeGuard	73.429	475.8	20	22
NA19066	GenomeGuard	74.743	476.3	20	22
NA19067	GenomeGuard	65.147	476.2	20	22
NA19068	GenomeGuard	62.994	476.6	20	22
NA19070	GenomeGuard	66.29	476.7	20	22
NA19072	GenomeGuard	67.085	475.6	20	22
NA19074	GenomeGuard	66.614	476.5	20	22
NA19075	GenomeGuard	69.423	476.7	20	22
NA19076	GenomeGuard	69.085	476.3	20	22
NA19077	GenomeGuard	67.327	475.9	20	22
NA19078	GenomeGuard	70.199	476.2	20	22
NA19079	GenomeGuard	58.352	477.0	20	22
NA19080	GenomeGuard	63.44	477.3	20	22
NA19081	GenomeGuard	69.474	476.9	20	22
NA19082	GenomeGuard	70.786	475.6	20	22
NA19083	GenomeGuard	66.474	475.8	20	22
NA19084	GenomeGuard	73.375	476.0	20	22
NA19085	GenomeGuard	61.137	476.9	20	22
NA19086	GenomeGuard	54.869	476.4	20	22
NA19087	GenomeGuard	63.294	477.2	20	22
NA19088	GenomeGuard	77.009	476.2	20	22
NA19089	GenomeGuard	76.532	477.3	20	22
NA19090	GenomeGuard	65.525	476.1	20	22
NA19091	GenomeGuard	53.656	475.8	20	22
NA19092	GenomeGuard	51.693	477.6	20	22
NA19093	GenomeGuard	64.598	476.0	20	22
NA19094	GenomeGuard	73.366	475.6	20	22
NA19095	GenomeGuard	70.527	477.6	20	22
NA19096	GenomeGuard	56.853	477.2	20	22
NA19097	GenomeGuard	61.505	476.9	20	22
NA19098	GenomeGuard	62.091	476.0	20	22
NA19099	GenomeGuard	62.359	476.8	20	22
NA19100	GenomeGuard	60.428	476.2	20	22
NA19101	GenomeGuard	58.463	477.8	20	22
NA19102	GenomeGuard	54.561	476.5	20	22
NA19103	GenomeGuard	58.895	476.8	20	22
NA19107	GenomeGuard	61.384	476.3	20	22
NA19108	GenomeGuard	69.349	476.9	20	22
NA19109	GenomeGuard	63.145	475.6	20	22
NA19113	GenomeGuard	65.208	475.6	20	22
NA19114	GenomeGuard	62.927	475.7	20	22
NA19115	GenomeGuard	61.242	475.6	20	22
NA19116	GenomeGuard	57.158	475.6	20	22
NA19117	GenomeGuard	68.137	476.7	20	22
NA19118	GenomeGuard	62.377	477.3	20	22
NA19119	GenomeGuard	55.296	476.1	20	22
NA19120	GenomeGuard	55.015	476.4	20	22
NA19121	GenomeGuard	60.406	476.0	20	22
NA19122	GenomeGuard	59.791	477.3	20	22
NA19123	GenomeGuard	59.879	477.7	20	22
NA19127	GenomeGuard	54.497	477.0	20	22
NA19128	GenomeGuard	59.283	476.9	20	22
NA19129	GenomeGuard	60.027	477.2	20	22
NA19130	GenomeGuard	58.246	476.4	20	22
NA19131	GenomeGuard	62.065	476.8	20	22
NA19132	GenomeGuard	71.98	475.8	20	22
NA19137	GenomeGuard	78.105	476.2	20	22
NA19138	GenomeGuard	70.388	476.7	20	22
NA19139	GenomeGuard	53.571	476.6	20	22
NA19140	GenomeGuard	51.856	476.2	20	22
NA19141	GenomeGuard	54.866	475.6	20	22
NA19142	GenomeGuard	71.491	475.8	20	22
NA19143	GenomeGuard	71.665	476.7	20	22
NA19144	GenomeGuard	63.883	476.0	20	22
NA19145	GenomeGuard	63.498	476.0	20	22
NA19146	GenomeGuard	65.237	476.6	20	22
NA19147	GenomeGuard	62.207	476.5	20	22
NA19148	GenomeGuard	71.526	477.3	20	22
NA19149	GenomeGuard	70.597	476.6	20	22
NA19150	GenomeGuard	67.28	476.3	20	22
NA19151	GenomeGuard	67.255	475.7	20	22
NA19152	GenomeGuard	67.448	477.2	20	22
NA19153	GenomeGuard	70.917	476.6	20	22
NA19154	GenomeGuard	71.478	475.8	20	22
NA19159	GenomeGuard	70.311	476.5	20	22
NA19160	GenomeGuard	69.805	476.0	20	22
NA19161	GenomeGuard	71.067	477.1	20	22
NA19171	GenomeGuard	68.91	476.5	20	22
NA19172	GenomeGuard	66.467	475.7	20	22
NA19173	GenomeGuard	76.949	475.8	20	22
NA19174	GenomeGuard	54.022	476.4	20	22
NA19175	GenomeGuard	66.05	475.6	20	22
NA19176	GenomeGuard	67.843	477.5	20	22
NA19177	GenomeGuard	64.007	476.1	20	22
NA19184	GenomeGuard	64.582	476.8	20	22
NA19185	GenomeGuard	62.713	476.4	20	22
NA19186	GenomeGuard	62.989	475.6	20	22
NA19189	GenomeGuard	63.045	475.6	20	22
NA19190	GenomeGuard	57.198	475.6	20	22
NA19191	GenomeGuard	62.277	476.4	20	22
NA19197	GenomeGuard	67.83	476.7	20	22
NA19198	GenomeGuard	64.847	478.1	20	22
NA19199	GenomeGuard	60.622	476.9	20	22
NA19200	GenomeGuard	71.692	476.7	20	22
NA19201	GenomeGuard	69.453	475.9	20	22
NA19202	GenomeGuard	66.089	477.1	20	22
NA19203	GenomeGuard	73.19	476.3	20	22
NA19204	GenomeGuard	56.147	475.9	20	22
NA19205	GenomeGuard	50.528	476.8	20	22
NA19206	GenomeGuard	54.72	477.6	20	22
NA19207	GenomeGuard	62.779	476.9	20	22
NA19208	GenomeGuard	71.999	476.7	20	22
NA19209	GenomeGuard	67.794	476.7	20	22
NA19210	GenomeGuard	62.769	476.4	20	22
NA19211	GenomeGuard	63.488	475.5	20	22
NA19213	GenomeGuard	63.479	475.7	20	22
NA19214	GenomeGuard	61.661	475.3	20	22
NA19215	GenomeGuard	59.099	477.0	20	22
NA19221	GenomeGuard	61.8	476.5	20	22
NA19222	GenomeGuard	58.543	476.0	20	22
NA19223	GenomeGuard	62.792	476.3	20	22
NA19224	GenomeGuard	59.529	476.7	20	22
NA19225	GenomeGuard	64.408	476.2	20	22
NA19226	GenomeGuard	64.902	476.7	20	22
NA19235	GenomeGuard	64.136	475.4	20	22
NA19236	GenomeGuard	60.335	477.0	20	22
NA19237	GenomeGuard	66.212	476.9	20	22
NA19238	GenomeGuard	62.933	476.7	20	22
NA19239	GenomeGuard	64.246	475.5	20	22
NA19240	GenomeGuard	69.808	476.1	20	22
NA19247	GenomeGuard	116.935	476.6	20	22
NA19248	GenomeGuard	76.387	475.5	20	22
NA19249	GenomeGuard	52.886	475.4	20	22
NA19256	GenomeGuard	64.58	475.9	20	22
NA19257	GenomeGuard	56.358	476.0	20	22
NA19258	GenomeGuard	60.708	476.4	20	22
NA19307	GenomeGuard	88.16	476.2	20	22
NA19308	GenomeGuard	73.726	476.1	20	22
NA19309	GenomeGuard	69.032	475.9	20	22
NA19310	GenomeGuard	68.425	478.0	20	22
NA19312	GenomeGuard	71.302	476.3	20	22
NA19314	GenomeGuard	71.682	476.6	20	22
NA19315	GenomeGuard	68.139	475.4	20	22
NA19316	GenomeGuard	72.392	477.2	20	22
NA19317	GenomeGuard	72.488	478.0	20	22
NA19318	GenomeGuard	55.529	476.6	20	22
NA19319	GenomeGuard	73.95	476.7	20	22
NA19320	GenomeGuard	74.423	475.6	20	22
NA19321	GenomeGuard	72.731	477.3	20	22
NA19323	GenomeGuard	69.103	476.8	20	22
NA19324	GenomeGuard	51.425	476.5	20	22
NA19327	GenomeGuard	59.729	476.5	20	22
NA19328	GenomeGuard	57.736	475.5	20	22
NA19331	GenomeGuard	65.13	475.6	20	22
NA19332	GenomeGuard	65.961	475.3	20	22
NA19334	GenomeGuard	57.512	476.7	20	22
NA19338	GenomeGuard	55.425	476.4	20	22
NA19346	GenomeGuard	61.071	475.3	20	22
NA19347	GenomeGuard	62.475	475.9	20	22
NA19350	GenomeGuard	62.232	476.1	20	22
NA19351	GenomeGuard	56.809	477.2	20	22
NA19355	GenomeGuard	61.661	476.2	20	22
NA19360	GenomeGuard	68.123	477.0	20	22
NA19372	GenomeGuard	62.695	476.2	20	22
NA19374	GenomeGuard	58.035	475.6	20	22
NA19375	GenomeGuard	56.662	476.7	20	22
NA19376	GenomeGuard	63.387	476.3	20	22
NA19377	GenomeGuard	61.381	475.6	20	22
NA19378	GenomeGuard	62.124	476.5	20	22
NA19379	GenomeGuard	62.465	476.2	20	22
NA19380	GenomeGuard	61.336	475.9	20	22
NA19383	GenomeGuard	56.113	475.7	20	22
NA19384	GenomeGuard	73.476	476.9	20	22
NA19385	GenomeGuard	69.449	475.6	20	22
NA19390	GenomeGuard	59.695	477.4	20	22
NA19391	GenomeGuard	58.903	476.7	20	22
NA19393	GenomeGuard	54.497	475.7	20	22
NA19394	GenomeGuard	55.732	476.0	20	22
NA19395	GenomeGuard	58.751	475.2	20	22
NA19397	GenomeGuard	59.61	476.2	20	22
NA19399	GenomeGuard	68.024	476.2	20	22
NA19401	GenomeGuard	64.962	475.5	20	22
NA19403	GenomeGuard	55.815	476.4	20	22
NA19404	GenomeGuard	63.029	477.0	20	22
NA19428	GenomeGuard	70.747	475.9	20	22
NA19429	GenomeGuard	71.786	476.3	20	22
NA19430	GenomeGuard	64.594	476.5	20	22
NA19431	GenomeGuard	59.49	476.9	20	22
NA19434	GenomeGuard	62.795	476.9	20	22
NA19435	GenomeGuard	64.491	476.0	20	22
NA19436	GenomeGuard	58.848	476.4	20	22
NA19437	GenomeGuard	62.759	476.8	20	22
NA19438	GenomeGuard	59.923	476.3	20	22
NA19439	GenomeGuard	69.755	476.2	20	22
NA19440	GenomeGuard	68.608	476.3	20	22
NA19443	GenomeGuard	69.58	475.6	20	22
NA19445	GenomeGuard	60.148	475.5	20	22
NA19446	GenomeGuard	68.005	476.7	20	22
NA19448	GenomeGuard	70.812	476.2	20	22
NA19449	GenomeGuard	64.806	476.8	20	22
NA19451	GenomeGuard	69.213	477.0	20	22
NA19452	GenomeGuard	68.532	477.3	20	22
NA19454	GenomeGuard	58.904	477.8	20	22
NA19455	GenomeGuard	62.343	477.5	20	22
NA19456	GenomeGuard	65.513	475.9	20	22
NA19457	GenomeGuard	66.097	475.8	20	22
NA19461	GenomeGuard	62.59	477.5	20	22
NA19462	GenomeGuard	61.925	476.2	20	22
NA19463	GenomeGuard	64.835	476.1	20	22
NA19466	GenomeGuard	59.939	476.0	20	22
NA19467	GenomeGuard	62.122	475.7	20	22
NA19468	GenomeGuard	63.253	476.3	20	22
NA19471	GenomeGuard	72.406	476.7	20	22
NA19472	GenomeGuard	69.193	475.9	20	22
NA19473	GenomeGuard	62.098	475.2	20	22
NA19474	GenomeGuard	69.009	476.2	20	22
NA19475	GenomeGuard	58.114	476.0	20	22
NA19625	GenomeGuard	58.276	475.7	20	22
NA19648	GenomeGuard	67.88	477.3	20	22
NA19649	GenomeGuard	53.008	475.4	20	22
NA19650	GenomeGuard	51.758	476.0	20	22
NA19651	GenomeGuard	54.252	476.3	20	22
NA19652	GenomeGuard	52.153	476.8	20	22
NA19653	GenomeGuard	59.634	476.4	20	22
NA19654	GenomeGuard	61.797	475.9	20	22
NA19655	GenomeGuard	61.458	475.7	20	22
NA19656	GenomeGuard	64.942	477.3	20	22
NA19657	GenomeGuard	65.381	476.3	20	22
NA19658	GenomeGuard	64.749	477.3	20	22
NA19659	GenomeGuard	65.2	476.2	20	22
NA19660	GenomeGuard	67.664	476.1	20	22
NA19661	GenomeGuard	56.906	476.5	20	22
NA19662	GenomeGuard	60.256	476.5	20	22
NA19663	GenomeGuard	63.134	475.8	20	22
NA19664	GenomeGuard	63.745	476.7	20	22
NA19665	GenomeGuard	63.822	477.5	20	22
NA19669	GenomeGuard	58.612	477.1	20	22
NA19670	GenomeGuard	53.65	476.6	20	22
NA19671	GenomeGuard	54.018	476.1	20	22
NA19675	GenomeGuard	57.919	475.5	20	22
NA19676	GenomeGuard	62.41	476.1	20	22
NA19677	GenomeGuard	62.038	476.4	20	22
NA19678	GenomeGuard	58.959	476.5	20	22
NA19679	GenomeGuard	63.024	476.3	20	22
NA19680	GenomeGuard	62.845	475.7	20	22
NA19681	GenomeGuard	61.727	476.3	20	22
NA19682	GenomeGuard	71.107	475.6	20	22
NA19683	GenomeGuard	67.297	476.3	20	22
NA19684	GenomeGuard	69.565	476.8	20	22
NA19685	GenomeGuard	75.04	476.2	20	22
NA19686	GenomeGuard	72.802	475.9	20	22
NA19700	GenomeGuard	69.57	476.6	20	22
NA19701	GenomeGuard	70.625	475.6	20	22
NA19702	GenomeGuard	73.183	476.1	20	22
NA19703	GenomeGuard	72.501	476.3	20	22
NA19704	GenomeGuard	70.89	476.2	20	22
NA19705	GenomeGuard	79.433	476.7	20	22
NA19707	GenomeGuard	74.167	476.1	20	22
NA19711	GenomeGuard	50.836	476.9	20	22
NA19712	GenomeGuard	55.052	475.7	20	22
NA19713	GenomeGuard	55.417	476.3	20	22
NA19716	GenomeGuard	62.587	476.2	20	22
NA19717	GenomeGuard	86.136	477.1	20	22
NA19718	GenomeGuard	53.436	477.3	20	22
NA19719	GenomeGuard	59.296	476.2	20	22
NA19720	GenomeGuard	61.938	476.6	20	22
NA19721	GenomeGuard	64.691	477.2	20	22
NA19722	GenomeGuard	69.481	476.7	20	22
NA19723	GenomeGuard	69.388	476.7	20	22
NA19724	GenomeGuard	71.943	476.5	20	22
NA19725	GenomeGuard	71.192	476.2	20	22
NA19726	GenomeGuard	69.871	477.0	20	22
NA19727	GenomeGuard	71.246	476.7	20	22
NA19728	GenomeGuard	65.747	476.3	20	22
NA19729	GenomeGuard	64.294	476.5	20	22
NA19730	GenomeGuard	68.524	475.8	20	22
NA19731	GenomeGuard	71.389	477.0	20	22
NA19732	GenomeGuard	69.786	476.4	20	22
NA19733	GenomeGuard	64.807	476.8	20	22
NA19734	GenomeGuard	64.329	477.2	20	22
NA19735	GenomeGuard	69.432	475.6	20	22
NA19740	GenomeGuard	63.677	476.4	20	22
NA19741	GenomeGuard	67.763	476.7	20	22
NA19746	GenomeGuard	57.188	476.1	20	22
NA19747	GenomeGuard	66.344	476.3	20	22
NA19748	GenomeGuard	71.38	476.6	20	22
NA19749	GenomeGuard	76.889	475.7	20	22
NA19750	GenomeGuard	74.17	476.3	20	22
NA19751	GenomeGuard	66.574	476.7	20	22
NA19752	GenomeGuard	66.505	476.1	20	22
NA19755	GenomeGuard	67.048	477.3	20	22
NA19756	GenomeGuard	69.836	476.2	20	22
NA19757	GenomeGuard	73.5	475.8	20	22
NA19758	GenomeGuard	69.203	475.6	20	22
NA19759	GenomeGuard	63.178	476.4	20	22
NA19760	GenomeGuard	65.578	475.9	20	22
NA19761	GenomeGuard	69.028	477.0	20	22
NA19762	GenomeGuard	65.02	476.6	20	22
NA19763	GenomeGuard	69.866	476.4	20	22
NA19764	GenomeGuard	73.571	476.3	20	22
NA19770	GenomeGuard	63.683	477.3	20	22
NA19771	GenomeGuard	53.891	475.7	20	22
NA19772	GenomeGuard	65.197	476.9	20	22
NA19773	GenomeGuard	72.297	477.6	20	22
NA19774	GenomeGuard	60.364	476.3	20	22
NA19775	GenomeGuard	59.091	478.0	20	22
NA19776	GenomeGuard	68.421	477.4	20	22
NA19777	GenomeGuard	68.197	476.7	20	22
NA19778	GenomeGuard	60.84	476.1	20	22
NA19779	GenomeGuard	64.986	477.2	20	22
NA19780	GenomeGuard	66.267	477.0	20	22
NA19781	GenomeGuard	70.503	475.8	20	22
NA19782	GenomeGuard	66.727	475.4	20	22
NA19783	GenomeGuard	70.051	475.9	20	22
NA19784	GenomeGuard	68.646	476.6	20	22
NA19785	GenomeGuard	72.34	476.2	20	22
NA19786	GenomeGuard	65.927	476.6	20	22
NA19787	GenomeGuard	69.366	475.9	20	22
NA19788	GenomeGuard	72.209	476.9	20	22
NA19789	GenomeGuard	67.687	476.7	20	22
NA19790	GenomeGuard	63.797	475.6	20	22
NA19792	GenomeGuard	67.741	476.1	20	22
NA19794	GenomeGuard	67.62	475.8	20	22
NA19795	GenomeGuard	70.201	477.5	20	22
NA19796	GenomeGuard	75.992	475.9	20	22
NA19818	GenomeGuard	78.809	476.5	20	22
NA19819	GenomeGuard	72.281	476.3	20	22
NA19828	GenomeGuard	74.18	476.3	20	22
NA19834	GenomeGuard	76.904	475.8	20	22
NA19835	GenomeGuard	66.892	476.1	20	22
NA19836	GenomeGuard	85.74	477.0	20	22
NA19900	GenomeGuard	78.602	476.2	20	22
NA19901	GenomeGuard	89.195	477.1	20	22
NA19902	GenomeGuard	97.35	476.6	20	22
NA19904	GenomeGuard	85.478	477.0	20	22
NA19908	GenomeGuard	53.736	476.7	20	22
NA19909	GenomeGuard	75.471	476.3	20	22
NA19913	GenomeGuard	88.876	475.8	20	22
NA19914	GenomeGuard	90.111	476.9	20	22
NA19916	GenomeGuard	64.013	476.2	20	22
NA19917	GenomeGuard	71.498	476.2	20	22
NA19918	GenomeGuard	74.365	476.7	20	22
NA19919	GenomeGuard	67.838	476.5	20	22
NA19920	GenomeGuard	80.306	476.0	20	22
NA19921	GenomeGuard	67.482	476.2	20	22
NA19922	GenomeGuard	66.547	476.1	20	22
NA19923	GenomeGuard	68.119	476.2	20	22
NA19924	GenomeGuard	71.732	476.1	20	22
NA19982	GenomeGuard	66.968	476.8	20	22
NA19983	GenomeGuard	50.716	476.9	20	22
NA19984	GenomeGuard	71.34	476.0	20	22
NA20126	GenomeGuard	55.763	477.1	20	22
NA20127	GenomeGuard	50.723	476.4	20	22
NA20128	GenomeGuard	65.084	476.7	20	22
NA20129	GenomeGuard	67.785	475.9	20	22
NA20274	GenomeGuard	66.122	476.5	20	22
NA20276	GenomeGuard	66.512	476.3	20	22
NA20278	GenomeGuard	63.214	476.0	20	22
NA20279	GenomeGuard	63.331	476.7	20	22
NA20281	GenomeGuard	65.976	475.7	20	22
NA20282	GenomeGuard	68.395	476.6	20	22
NA20287	GenomeGuard	90.516	477.9	20	22
NA20289	GenomeGuard	66.105	476.3	20	22
NA20291	GenomeGuard	51.973	477.7	20	22
NA20294	GenomeGuard	63.219	475.9	20	22
NA20296	GenomeGuard	66.252	476.6	20	22
NA20298	GenomeGuard	64.064	476.8	20	22
NA20299	GenomeGuard	70.541	477.4	20	22
NA20314	GenomeGuard	67.98	476.9	20	22
NA20317	GenomeGuard	65.896	476.1	20	22
NA20318	GenomeGuard	69.279	476.3	20	22
NA20320	GenomeGuard	70.397	476.1	20	22
NA20321	GenomeGuard	65.527	475.9	20	22
NA20332	GenomeGuard	64.096	476.5	20	22
NA20334	GenomeGuard	64.576	477.2	20	22
NA20339	GenomeGuard	64.38	476.7	20	22
NA20340	GenomeGuard	66.659	475.8	20	22
NA20342	GenomeGuard	70.036	476.2	20	22
NA20346	GenomeGuard	72.941	475.7	20	22
NA20348	GenomeGuard	74.904	476.1	20	22
NA20351	GenomeGuard	67.69	476.9	20	22
NA20355	GenomeGuard	67.778	475.8	20	22
NA20356	GenomeGuard	62.73	476.9	20	22
NA20357	GenomeGuard	65.356	476.4	20	22
NA20358	GenomeGuard	68.574	475.5	20	22
NA20359	GenomeGuard	71.795	475.8	20	22
NA20362	GenomeGuard	71.929	476.4	20	22
NA20412	GenomeGuard	70.607	475.6	20	22
NA20502	GenomeGuard	69.195	476.1	20	22
NA20503	GenomeGuard	72.145	476.2	20	22
NA20504	GenomeGuard	78.352	477.4	20	22
NA20505	GenomeGuard	51.89	476.3	20	22
NA20506	GenomeGuard	53.078	477.2	20	22
NA20507	GenomeGuard	53.443	475.9	20	22
NA20508	GenomeGuard	55.658	477.0	20	22
NA20509	GenomeGuard	54.353	475.9	20	22
NA20510	GenomeGuard	56.595	476.9	20	22
NA20511	GenomeGuard	75.04	476.5	20	22
NA20512	GenomeGuard	80.276	476.0	20	22
NA20513	GenomeGuard	94.595	476.3	20	22
NA20514	GenomeGuard	68.069	475.9	20	22
NA20515	GenomeGuard	62.76	476.5	20	22
NA20516	GenomeGuard	66.089	475.9	20	22
NA20517	GenomeGuard	68.9	476.5	20	22
NA20518	GenomeGuard	69.391	475.7	20	22
NA20519	GenomeGuard	70.086	475.7	20	22
NA20520	GenomeGuard	70.701	475.3	20	22
NA20521	GenomeGuard	70.25	477.8	20	22
NA20522	GenomeGuard	71.321	476.8	20	22
NA20524	GenomeGuard	68.681	475.7	20	22
NA20525	GenomeGuard	68.713	476.6	20	22
NA20527	GenomeGuard	71.087	475.6	20	22
NA20528	GenomeGuard	68.468	476.4	20	22
NA20529	GenomeGuard	71.692	475.4	20	22
NA20530	GenomeGuard	67.097	476.3	20	22
NA20531	GenomeGuard	70.038	476.8	20	22
NA20532	GenomeGuard	72.569	476.0	20	22
NA20533	GenomeGuard	68.289	476.9	20	22
NA20534	GenomeGuard	70.55	476.7	20	22
NA20535	GenomeGuard	65.191	475.7	20	22
NA20536	GenomeGuard	66.083	476.5	20	22
NA20538	GenomeGuard	71.026	476.9	20	22
NA20539	GenomeGuard	71.876	477.9	20	22
NA20540	GenomeGuard	69.427	475.6	20	22
NA20541	GenomeGuard	66.979	476.5	20	22
NA20542	GenomeGuard	66.225	475.2	20	22
NA20543	GenomeGuard	66.233	475.9	20	22
NA20544	GenomeGuard	66.973	478.1	20	22
NA20581	GenomeGuard	71.03	476.5	20	22
NA20582	GenomeGuard	73.955	475.9	20	22
NA20585	GenomeGuard	68.25	477.7	20	22
NA20586	GenomeGuard	67.546	476.1	20	22
NA20587	GenomeGuard	69.3	476.6	20	22
NA20588	GenomeGuard	72.603	477.3	20	22
NA20589	GenomeGuard	75.067	476.4	20	22
NA20752	GenomeGuard	63.729	476.5	20	22
NA20753	GenomeGuard	48.984	476.9	20	22
NA20754	GenomeGuard	61.674	476.2	20	22
NA20755	GenomeGuard	70.034	476.7	20	22
NA20756	GenomeGuard	70.016	477.0	20	22
NA20757	GenomeGuard	78.492	476.3	20	22
NA20758	GenomeGuard	64.965	476.4	20	22
NA20759	GenomeGuard	66.556	476.2	20	22
NA20760	GenomeGuard	65.406	476.5	20	22
NA20761	GenomeGuard	66.098	475.7	20	22
NA20762	GenomeGuard	71.463	476.3	20	22
NA20763	GenomeGuard	72.765	477.9	20	22
NA20764	GenomeGuard	72.168	476.6	20	22
NA20765	GenomeGuard	70.884	476.5	20	22
NA20766	GenomeGuard	70.135	477.2	20	22
NA20767	GenomeGuard	61.156	477.8	20	22
NA20768	GenomeGuard	78.938	477.4	20	22
NA20769	GenomeGuard	78.017	476.3	20	22
NA20770	GenomeGuard	70.954	476.8	20	22
NA20771	GenomeGuard	69.302	476.3	20	22
NA20772	GenomeGuard	71.841	476.7	20	22
NA20773	GenomeGuard	66.913	476.2	20	22
NA20774	GenomeGuard	68.329	476.6	20	22
NA20775	GenomeGuard	73.162	476.8	20	22
NA20778	GenomeGuard	72.438	476.8	20	22
NA20783	GenomeGuard	70.587	476.5	20	22
NA20785	GenomeGuard	72.859	475.7	20	22
NA20786	GenomeGuard	73.208	475.9	20	22
NA20787	GenomeGuard	69.035	477.8	20	22
NA20790	GenomeGuard	68.575	476.9	20	22
NA20792	GenomeGuard	70.397	476.7	20	22
NA20795	GenomeGuard	80.391	475.8	20	22
NA20796	GenomeGuard	70.202	475.3	20	22
NA20797	GenomeGuard	69.054	475.4	20	22
NA20798	GenomeGuard	69.603	476.7	20	22
NA20799	GenomeGuard	69.742	476.2	20	22
NA20800	GenomeGuard	73.037	476.1	20	22
NA20801	GenomeGuard	72.737	476.0	20	22
NA20802	GenomeGuard	78.823	475.9	20	22
NA20803	GenomeGuard	56.499	476.3	20	22
NA20804	GenomeGuard	53.603	476.5	20	22
NA20805	GenomeGuard	53.3	476.2	20	22
NA20806	GenomeGuard	72.426	475.6	20	22
NA20807	GenomeGuard	61.346	476.1	20	22
NA20808	GenomeGuard	54.121	476.0	20	22
NA20809	GenomeGuard	67.464	476.9	20	22
NA20810	GenomeGuard	73.276	475.9	20	22
NA20811	GenomeGuard	72.417	476.3	20	22
NA20812	GenomeGuard	74.765	476.5	20	22
NA20813	GenomeGuard	70.733	476.6	20	22
NA20814	GenomeGuard	70.878	477.0	20	22
NA20815	GenomeGuard	72.254	476.6	20	22
NA20818	GenomeGuard	70.284	476.7	20	22
NA20819	GenomeGuard	81.243	476.1	20	22
NA20821	GenomeGuard	76.215	475.5	20	22
NA20822	GenomeGuard	76.786	475.7	20	22
NA20826	GenomeGuard	77.763	476.8	20	22
NA20827	GenomeGuard	75.28	476.8	20	22
NA20828	GenomeGuard	76.441	475.6	20	22
NA20832	GenomeGuard	76.095	476.2	20	22
